,date,volumeUSD,feesUSD,tvlUSD,txCount,feeTier
0,2021-05-05,3732.094428775605445003159429854333,1.866047214387802722501579714927167,15990.5025439940886751925509600602,14,500.0
1,2021-05-06,1804100.360824469382992833462819919,902.0501804122346914964167314099573,513871.4159407929723419764491435211,906,500.0
2,2021-05-07,24132962.61343503546513328194485803,12066.48130671751773256664097242894,2749923.824139887875098979243647372,1979,500.0
3,2021-05-08,21333664.52815374778086557562483543,10666.83226407687389043278781241774,1576917.792811014489888423519154903,1372,500.0
4,2021-05-09,6330963.787682867735399760167184382,3165.481893841433867699880083592182,1558604.980082295860302258155946276,1097,500.0
5,2021-05-10,10471004.34959328844736349296877769,5235.502174796644223681746484388865,1743611.751115867332913985393284196,839,500.0
6,2021-05-11,5488562.481382890654154639926006598,2744.281240691445327077319963003295,1682557.19162959218250065701271106,494,500.0
7,2021-05-12,5367944.062613589310967472168195898,2683.972031306794655483736084097959,1187940.541792371719885157764503725,559,500.0
8,2021-05-13,15178881.87926822497916015415979645,7589.440939634112489580077079898236,1214058.466320273414796125461481406,1134,500.0
9,2021-05-14,3700837.552012382855486529886966652,1850.418776006191427743264943483316,1230501.385146417393407823206336005,856,500.0
10,2021-05-15,6396274.490215626233218813688636922,3198.137245107813116609406844318467,1188378.754499233226521393118642292,1035,500.0
11,2021-05-16,17784560.99614449113539314177045167,8892.28049807224556769657088522581,1196930.087177222208884199899424471,1620,500.0
12,2021-05-17,10944541.76331811204355129346919744,5472.270881659056021775646734598714,943635.3861751264754224175371912495,1246,500.0
13,2021-05-18,11172707.39260383607462270413064908,5586.353696301918037311352065324542,1329615.349810768672396913306600916,1450,500.0
14,2021-05-19,310888.2118923478028427130741111673,155.4441059461739014213565370555841,1013896.482742444279879225241450012,198,500.0
15,2021-05-20,816170.1423878082159267424736958609,408.0850711939041079633712368479312,1076869.197632216683054724181249053,538,500.0
16,2021-05-21,751420.20134598064062767932381298,375.7101006729903203138396619064907,938614.7026199620365749405642886238,558,500.0
17,2021-05-22,161330.8373890822328319189445218508,80.66541869454111641595947226092573,887285.476882656553821864831087654,356,500.0
18,2021-05-23,135931.9376100436677104532836753635,67.96596880502183385522664183768193,568435.3079650539296259743202354478,244,500.0
19,2021-05-24,2819218.06459572985761520172058353,1409.609032297864928807600860291753,845124.6629768310571047272990183778,905,500.0
20,2021-05-25,1512544.850945688008741644256169347,756.2724254728440043708221280846821,819976.262215453661972936205590757,807,500.0
21,2021-05-26,1131087.368133029958015538295935704,565.5436840665149790077691479678559,883227.807195063596755770264694431,855,500.0
22,2021-05-27,1401105.42716182865544396216709635,700.5527135809143277219810835481726,748444.9282205335357477120153857051,896,500.0
23,2021-05-28,2885154.676771459035427770755465635,1442.57733838572951771388537773282,642641.4117492363635468974605261542,459,500.0
24,2021-05-29,393360.0744352281139289749664090339,196.680037217614056964487483204517,500390.8407204658789982019465903932,416,500.0
25,2021-05-30,546565.6629647497969560253454337304,273.2828314823748984780126727168653,514064.0858934415030415000418104025,670,500.0
26,2021-05-31,631818.6740743622701275055064487469,315.9093370371811350637527532243743,618523.2300035467053217152518681983,643,500.0
27,2021-06-01,4237599.631912879956645561292164118,2118.799815956439978322780646082053,706943.1583866120642643266795062681,1150,500.0
28,2021-06-02,31096127.25827757183838318361384773,15548.0636291387859191915918069238,2610732.656226485609582930084635356,2812,500.0
29,2021-06-03,78941204.92797437859937745783143327,39470.60246398718929968872891571641,10080429.97749815024719866922270769,3271,500.0
30,2021-06-04,50697477.2446694299248317738222208,25348.73862233471496241588691111048,7943616.156921136799009453696389877,3429,500.0
31,2021-06-05,42590057.57831758978514657073948661,21295.02878915879489257328536974329,5804640.599021781466906536750057878,3377,500.0
32,2021-06-06,36386358.3718073419278029302432245,18193.17918590367096390146512161224,8337310.884809767802843148753787114,3066,500.0
33,2021-06-07,86561526.6553309975885425724231548,43280.76332766549879427128621157725,9730839.595072689901045699528149546,4507,500.0
34,2021-06-08,162106061.4358185945262538567841433,81053.03071790929726312692839207124,14428721.28603279257994921443180906,6476,500.0
35,2021-06-09,191487170.1826365721228969408032538,95743.58509131828606144847040162743,14523288.46836781384380011694764815,5821,500.0
36,2021-06-10,158601808.2023171337453403022179766,79300.90410115856687267015110898849,22199622.56191653451530332182956411,5721,500.0
37,2021-06-11,158081857.0015729523589810748595296,79040.92850078647617949053742976487,26245979.85466802183844366617218789,6040,500.0
38,2021-06-12,201407129.8149798797562912855661706,100703.5649074899398781456427830852,29275484.31056926492262997168251825,6593,500.0
39,2021-06-13,181353646.1311183847824465726371857,90676.82306555919239122328631859265,25899652.15674626716998202104731873,5900,500.0
40,2021-06-14,158362924.2292609477728183205434451,79181.46211463047388640916027172258,37070636.90643596728689567688696821,5691,500.0
41,2021-06-15,204384143.4574609691871955790346208,102192.0717287304845935977895173094,43960957.52871454707212712228309149,6180,500.0
42,2021-06-16,183777880.8296159936005557841478312,91888.94041480799680027789207391665,41517514.42210914267529215981453169,5894,500.0
43,2021-06-17,190276248.9694183083410147577731405,95138.12448470915417050737888657072,46859245.78372039874776337277002728,5762,500.0
44,2021-06-18,245351260.6173366878954891545134216,122675.6303086683439477445772567113,47964028.6291993323570102593980926,7151,500.0
45,2021-06-19,200209951.3099178400226121667966427,100104.9756549589200113060833983216,49203535.9364440241148303130180049,5692,500.0
46,2021-06-20,237871971.5142860017744737283478737,118935.9857571430008872368641739347,52912405.77677902746011117892254512,6602,500.0
47,2021-06-21,334470922.9063496188158193641339424,167235.4614531748094079096820669734,40645736.71931783468625014873519958,8554,500.0
48,2021-06-22,269693670.1874632998986575067263709,134846.835093731649949328753363186,42295937.36290996042561029438983715,7611,500.0
49,2021-06-23,256997438.0290915871532489808109381,128498.7190145457935766244904054697,46970149.84731618311472102768855646,6744,500.0
50,2021-06-24,210429606.8791865536819635802649021,105214.8034395932768409817901324511,52396113.34095791662068193884627781,5999,500.0
51,2021-06-25,225477504.081294675809441968877411,112738.7520406473379047209844387049,47073193.50257945331333024124169958,6455,500.0
52,2021-06-26,220192390.9752259925623345579655294,110096.1954876129962811672789827659,49093322.44335905700930621854233047,6827,500.0
53,2021-06-27,225904391.0864427568931641840327538,112952.1955432213784465820920163773,51756200.17823449879989550000237908,5951,500.0
54,2021-06-28,290602115.8007152921126208550120071,145301.0579003576460563104275060075,52567005.26581223372665554931911022,6407,500.0
55,2021-06-29,276821428.7027994919456730387923027,138410.7143513997459728365193961511,56473779.44811169919708328492190498,6474,500.0
56,2021-06-30,276261056.2108546005121875014919448,138130.5281054273002560937507459717,60791538.89935791194359390865089501,5658,500.0
57,2021-07-01,304876051.4293744695127637464516299,152438.0257146872347563818732258105,60348647.41046684573768192202456598,6325,500.0
58,2021-07-02,228483045.8277703266490969644817792,114241.5229138851633245484822408894,64741639.22901358797933891650884522,6943,500.0
59,2021-07-03,183077654.1436780621252296456910319,91538.82707183903106261482284551552,71653713.80923523012620912178499003,6363,500.0
60,2021-07-04,222133610.0616967215274643552335137,111066.8050308483607637321776167565,67815751.134681828308999190313682,9682,500.0
61,2021-07-05,270703668.7940211747570529369006486,135351.8343970105873785264684503244,68305206.28392963569065802532941326,7368,500.0
62,2021-07-06,324239005.2882844759739727340563033,162119.5026441422379869863670281508,69464821.71270692235650475479052945,5428,500.0
63,2021-07-07,247800364.7974209442995632201964408,123900.1823987104721497816100982216,70238411.56079060583489563095328912,4813,500.0
64,2021-07-08,313606213.9595317685873735621445043,156803.1069797658842936867810722521,73819188.95774936648504283555038006,5781,500.0
65,2021-07-09,258756684.4706635943300538729329265,129378.342235331797165026936466462,72344848.7796234697692642740334566,6165,500.0
66,2021-07-10,218291580.9312737244865217860810862,109145.7904656368622432608930405429,72227309.98984938551380383258343929,6660,500.0
67,2021-07-11,138392562.0589652353533900973216325,69196.28102948261767669504866081658,73267382.69436382204623596347675303,6095,500.0
68,2021-07-12,194656064.8165773561491689885557809,97328.03240828867807458449427789118,68932840.74312012375448876038834122,5637,500.0
69,2021-07-13,310949764.923214425827472631625335,155474.8824616072129137363158126705,70344422.19124203773728074190422811,10023,500.0
70,2021-07-14,300407712.8664453053030433482998501,150203.856433222652651521674149929,73160538.21643661408982567974041144,9766,500.0
71,2021-07-15,274870836.3526158111071517076807282,137435.4181763079055535758538403624,71631923.81285212553546725617668767,8455,500.0
72,2021-07-16,230224396.9269733285580259970957423,115112.1984634866642790129985478668,77009211.29875338933842331336286299,7377,500.0
73,2021-07-17,198559295.5663058549048272797055483,99279.64778315292745241363985277394,78815033.21976674446047520545413296,7642,500.0
74,2021-07-18,234246786.0222988505981094219390569,117123.393011149425299054710969532,80404608.92478899371274925520106918,7825,500.0
75,2021-07-19,232127850.065664087088776930692929,116063.9250328320435443884653464635,93426863.03306883020230029694385541,7236,500.0
76,2021-07-20,299790276.3464871406520075046036133,149895.1381732435703260037523018034,92999297.97853491911894720633803822,8341,500.0
77,2021-07-21,412368207.4846490339717165408736436,206184.1037423245169858582704368203,104871620.1517373494889028864669818,8229,500.0
78,2021-07-22,370451124.8241676180232219998003308,185225.5624120838090116109999001661,105945379.5232514648516500309791192,6639,500.0
79,2021-07-23,282623825.7764881391547534359968131,141311.9128882440695773767179984086,124903556.4124944135572085452684279,7045,500.0
80,2021-07-24,272515319.8613379756004431641770735,136257.659930668987800221582088537,120452883.5301608441804595408176848,6767,500.0
81,2021-07-25,270626098.2092706452023252741679979,135313.0491046353226011626370839983,122691131.113851671293658483663862,6031,500.0
82,2021-07-26,756431354.6492485250809984733792857,378215.677324624262540499236689646,120750811.311841813168870659370275,9038,500.0
83,2021-07-27,511850481.7671245191475287506148332,255925.2408835622595737643753074164,123882742.0790243914139333284799953,7480,500.0
84,2021-07-28,453976958.0975826408074293151885531,226988.4790487913204037146575942801,126855938.0750070298878041383087968,6921,500.0
85,2021-07-29,268218463.3561449477482449474973188,134109.2316780724738741224737486595,129601705.2606690081276766714771415,6306,500.0
86,2021-07-30,413427216.4831885762839520467459192,206713.6082415942881419760233729605,127410468.8337942737701981407218202,6812,500.0
87,2021-07-31,288088913.7650878109936217488424816,144044.4568825439054968108744212421,112834700.3178623371528965972751397,5861,500.0
88,2021-08-01,409466125.8358801532747184939237965,204733.0629179400766373592469619019,110944431.4330646039030278394878305,7345,500.0
89,2021-08-02,417707293.2581851428896033209586838,208853.6466290925714448016604793406,134750297.171639234565578685051566,6225,500.0
90,2021-08-03,566196308.9212466098230935976793374,283098.1544606233049115467988396725,131532368.5626647210306895015527648,6530,500.0
91,2021-08-04,572381871.3419624997246294569593224,286190.93567098124986231472847966,127242566.7017215217274916641121127,7011,500.0
92,2021-08-05,608151328.8692317670845213944221365,304075.6644346158835422606972110691,126448833.3261249711328460889464596,5889,500.0
93,2021-08-06,469384318.6099091721461163431397064,234692.1593049545860730581715698546,143031139.6212004263322838132057262,5562,500.0
94,2021-08-07,537868760.242368021246529421483391,268934.3801211840106232647107416998,140579892.3759549957109183101651255,6556,500.0
95,2021-08-08,546695947.2085028143152364929196946,273347.9736042514071576182464598481,138442387.3400220576692267609316804,6433,500.0
96,2021-08-09,674231988.714659318252132208423701,337115.9943573296591260661042118492,119147721.5032165854461511141782191,6628,500.0
97,2021-08-10,498323345.8830223834175583893154321,249161.6729415111917087791946577172,116837967.3616245177254829750408147,5235,500.0
98,2021-08-11,371394836.8622614799315037406326871,185697.418431130739965751870316344,117389869.7335054066289098431821583,5184,500.0
99,2021-08-12,477711066.4317058260754115850841761,238855.5332158529130377057925420895,113989117.9316784712540564165796957,5405,500.0
100,2021-08-13,307718979.8818810527104773760921839,153859.4899409405263552386880460924,118215172.0947605729435335711522125,4543,500.0
101,2021-08-14,243995813.4104547568325511467231188,121997.9067052273784162755733615618,138997407.8608553828576010127489723,4264,500.0
102,2021-08-15,347886101.4290049702855306641288003,173943.0507145024851427653320644006,137830869.5577760532720945754153055,4243,500.0
103,2021-08-16,424824862.0342513740799133642082554,212412.4310171256870399566821041275,140531091.6258061968947752466549613,4563,500.0
104,2021-08-17,652463503.7977515858580921800585709,326231.751898875792929046090029282,138828640.4435489504317453897246977,5660,500.0
105,2021-08-18,517296693.3861235777388137992604114,258648.3466930617888694068996302089,143986971.0927811903837101638618303,5743,500.0
106,2021-08-19,426335330.4615656304438954324005623,213167.665230782815221947716200283,148944727.4240548231103175333344447,5481,500.0
107,2021-08-20,377260151.6256224277315465865864447,188630.0758128112138657732932932226,145348835.5105742017572583561696018,5237,500.0
108,2021-08-21,263809460.4937903778663608476940524,131904.7302468951889331804238470272,145068599.3342318848208369492164858,4412,500.0
109,2021-08-22,253575926.4910849434602425952519609,126787.9632455424717301212976259798,145973473.0636619741329937429202081,4634,500.0
110,2021-08-23,324022374.3973352161757251443806414,162011.1871986676080878625721903185,147237389.0990964074246719963397665,4673,500.0
111,2021-08-24,393209814.0090906542690538979533195,196604.907004545327134526948976659,145725427.5644712208935625189265438,4391,500.0
112,2021-08-25,388914548.609070367364405970564094,194457.2743045351836822029852820478,152241762.0987837554607798387026221,4224,500.0
113,2021-08-26,382345034.3631576153042265798186683,191172.5171815788076521132899093333,144957755.915441919531233435959726,4063,500.0
114,2021-08-27,344942348.1372144568556120315745093,172471.1740686072284278060157872563,151880060.277727054753346167814134,3416,500.0
115,2021-08-28,188854920.3158398138003664384837162,94427.46015791990690018321924185848,151165871.2689094763720201942673323,2918,500.0
116,2021-08-29,249305678.5429990033565212857932641,124652.8392714995016782606428966332,149724246.9425619177687526345797055,3338,500.0
117,2021-08-30,372595657.7384254063001292112185633,186297.8288692127031500646056092828,147003498.0691558779851605795917326,3652,500.0
118,2021-08-31,450342900.2483037668254079969268321,225171.4501241518834127039984634173,150121029.539046247670488352838259,3910,500.0
119,2021-09-01,517800752.4380024571311471845137528,258900.3762190012285655735922568774,124921454.6882231675994788841369063,4007,500.0
120,2021-09-02,351361263.2365046523528041804053143,175680.6316182523261764020902026583,114531892.6985767176356931490632555,3817,500.0
121,2021-09-03,404889458.2378495621140674994767739,202444.7291189247810570337497383882,115858403.0442955244783416676524076,4108,500.0
122,2021-09-04,259153588.7069325271274604459565832,129576.7943534662635637302229782923,114034136.7381873032915737812037822,3050,500.0
123,2021-09-05,290996556.2360799268531344113512566,145498.2781180399634265672056756296,115990753.2033249597745201652121917,3125,500.0
124,2021-09-06,286596592.3182782166817043711271583,143298.2961591391083408521855635782,116685918.518247824332422625294291,3327,500.0
125,2021-09-07,559606570.5155372706068517541806851,279803.2852577686353034258770903403,88667831.29318062382947591056257864,5032,500.0
126,2021-09-08,520025741.3312321589618347630385859,260012.8706656160794809173815192931,89422136.53162347123130652881156709,4961,500.0
127,2021-09-09,353102005.2494309880083592040049649,176551.0026247154940041796020024808,91488920.92969822616704726674270774,3829,500.0
128,2021-09-10,351831532.7599590397357369964409702,175915.7663799795198678684982204824,87802748.47261131721312865811414421,4753,500.0
129,2021-09-11,316160940.5123390135511673026287058,158080.4702561695067755836513143534,89589850.16455055609203556766481896,4482,500.0
130,2021-09-12,270447775.0231398474417250562477363,135223.8875115699237208625281238689,91985616.17909843671264188435572341,4422,500.0
131,2021-09-13,359737836.5052502633829822485829073,179868.9182526251316914911242914524,88049934.53753219071500921425130735,4941,500.0
132,2021-09-14,254116529.3042329064807939948778134,127058.2646521164532403969974389073,90951758.54042088428825888195362051,4548,500.0
133,2021-09-15,261388139.5961887823130348355833402,130694.0697980943911565174177916711,92224607.5404680487824978800782294,4238,500.0
134,2021-09-16,439912013.6440915468486715846914379,219956.0068220457734243357923457203,110303799.3963168624698286254489251,4896,500.0
135,2021-09-17,417151946.951221701441426717543131,208575.9734756108507207133587715657,106581009.1790652829963586022207219,4344,500.0
136,2021-09-18,304997197.6787900828960951750795192,152498.5988393950414480475875397597,113079877.2530565446557066143173539,4266,500.0
137,2021-09-19,292547300.01618437368263421413947,146273.6500080921868413171070697353,108959197.0036140761993697567294261,4259,500.0
138,2021-09-20,925178997.9405431389470776291075882,462589.4989702715694735388145537941,98993937.21132910887869797542509068,7975,500.0
139,2021-09-21,931034017.5017154312896766883911953,465517.0087508577156448383441955977,98742871.02338683516919934138528787,7422,500.0
140,2021-09-22,647273964.9433660900666438824909308,323636.9824716830450333219412454679,104909403.4849005856280810591604522,6423,500.0
141,2021-09-23,467301928.0487483342356133680481719,233650.9640243741671178066840240837,95316089.07445791356264254722543625,4800,500.0
142,2021-09-24,654229595.2856181437986712140793754,327114.7976428090718993356070396862,99237999.77657067409438092942721219,5810,500.0
143,2021-09-25,558696883.2127532323985585772820763,279348.4416063766161992792886410371,100751844.44788490723539952907788,5049,500.0
144,2021-09-26,705041461.0143044365446325299791486,352520.7305071522182723162649895775,105287144.9289519778218900253596322,5173,500.0
145,2021-09-27,556268808.7635773304308410381499228,278134.4043817886652154205190749602,108662776.6218029177649641012857741,4745,500.0
146,2021-09-28,448553118.8502241525331170167687616,224276.5594251120762665585083843829,102149937.5422049151172522416521604,4688,500.0
147,2021-09-29,404295418.8600476617887002656476471,202147.7094300238308943501328238223,104839329.4976938305717601922516453,5037,500.0
148,2021-09-30,531088743.782595564325069485099531,265544.3718912977821625347425497681,108133642.6632796859804854564946657,4619,500.0
149,2021-10-01,485618064.7002732601045342363363958,242809.0323501366300522671181681975,120538677.5927070892382544824532842,5184,500.0
150,2021-10-02,324549755.1483744806554019160551142,162274.8775741872403277009580275576,115541802.8595074199557793648934495,4468,500.0
151,2021-10-03,331925379.5896096984950051110505516,165962.6897948048492475025555252758,115290102.2944379711597014226180002,4059,500.0
152,2021-10-04,448434285.4242372429182161046766357,224217.1427121186214591080523383187,113643976.7581927262537686613809489,4261,500.0
153,2021-10-05,332976649.1844817295840322647479747,166488.3245922408647920161323739869,117954693.0765577861747193571308491,3745,500.0
154,2021-10-06,500381487.4907380729712058647266265,250190.7437453690364856029323633131,117726757.3029312477206524509396381,4174,500.0
155,2021-10-07,412741356.6845882014908518062770717,206370.6783422941007454259031385369,119816568.7067827251384788526468572,3848,500.0
156,2021-10-08,375258063.7425608850869118814055621,187629.0318712804425434559407027804,123320547.2049079205471913790132414,3555,500.0
157,2021-10-09,224058862.747470989619789107932674,112029.4313737354948098945539663368,125480749.6068144581186573709604788,3325,500.0
158,2021-10-10,392218348.0012567815975311883135229,196109.1740006283907987655941567621,122343127.4783833124670612836893516,3852,500.0
159,2021-10-11,484086851.8463654455713570780355666,242043.4259231827227856785390177825,127276387.2870445863841531646245394,4181,500.0
160,2021-10-12,593600940.8433426336109923704674589,296800.4704216713168054961852337319,129583420.0813897948959457792554362,4308,500.0
161,2021-10-13,461691041.4383377092080653691158959,230845.5207191688546040326845579493,134796199.8059889389792576418842315,4053,500.0
162,2021-10-14,544268131.2403578796686424539619907,272134.0656201789398343212269809965,141920441.3345507099673633803919748,4281,500.0
163,2021-10-15,684161389.5863164658413904702948464,342080.6947931582329206952351474241,151634543.1924665511857589454189582,4430,500.0
164,2021-10-16,467575351.4670336802348772873843209,233787.6757335168401174386436921601,144299103.7033291597577066862625155,3703,500.0
165,2021-10-17,384104276.8205490281300318055243724,192052.1384102745140650159027621857,148314518.4217505146215583258156408,3843,500.0
166,2021-10-18,542865009.42173360134668679526291,271432.5047108668006733433976314515,155718858.9632501686204987818290019,4348,500.0
167,2021-10-19,567035137.0353686263335368789538517,283517.5685176843131667684394769253,153657527.8121810767002771998251987,4338,500.0
168,2021-10-20,526039086.7396220063252315217232365,263019.5433698110031626157608616206,161091565.6702531709489840559263354,5050,500.0
169,2021-10-21,930139113.5150477397215303206809245,465069.5567575238698607651603404633,156340285.3118138870881434735093697,5729,500.0
170,2021-10-22,588526889.5443708378519308555701518,294263.4447721854189259654277850733,157907024.5928241397287138528457477,4144,500.0
171,2021-10-23,390074178.8541087893066136020971386,195037.0894270543946533068010485704,180667340.7786909163180731614843775,3525,500.0
172,2021-10-24,420779472.307506942487839209189011,210389.7361537534712439196045945063,181239223.3478597793145548282063899,3475,500.0
173,2021-10-25,384063598.5616050892038814525778128,192031.7992808025446019407262889061,157824856.1446996366805230231850933,3577,500.0
174,2021-10-26,508392365.7945214165005956057253127,254196.1828972607082502978028626543,160007860.8888791120689583934667141,3604,500.0
175,2021-10-27,677096491.6693385394759823377393386,338548.2458346692697379911688696698,150096202.9448218847742832626222093,3977,500.0
176,2021-10-28,620822863.3530093371662698674255752,310411.4316765046685831349337127873,160426569.6839174670402050497623329,3462,500.0
177,2021-10-29,451989056.2408970152787990388528692,225994.5281204485076393995194264343,173871033.2622617115794878402186131,3251,500.0
178,2021-10-30,361104950.3961260934250145379237334,180552.4751980630467125072689618695,171028887.6303519508206565529160903,2518,500.0
179,2021-10-31,340663418.0061478796339072337730182,170331.7090030739398169536168865082,170817804.5236801189975473308836691,2870,500.0
180,2021-11-01,411061865.5119256704917495412937159,205530.9327559628352458747706468603,171471169.766197058910780056013634,2767,500.0
181,2021-11-02,465170685.9270662602361277649722588,232585.3429635331301180638824861283,180912292.8778028819291157032479899,3278,500.0
182,2021-11-03,428114616.7248498769337740307996205,214057.308362424938466887015399809,177471329.3410006665384143551583463,3363,500.0
183,2021-11-04,387507982.5864996959592087342144796,193753.99129324984797960436710724,165747187.9932389955437969963037636,3094,500.0
184,2021-11-05,269044754.5506827481170862250137132,134522.3772753413740585431125068547,184217680.6438995779931931743587567,2713,500.0
185,2021-11-06,302216355.9461233802090570230717279,151108.1779730616901045285115358643,185371473.8928136188384599662399133,3024,500.0
186,2021-11-07,275483092.9319304259391733947466337,137741.5464659652129695866973733155,221631057.4352261544744492382712975,3229,500.0
187,2021-11-08,497122176.8591809243331874384984386,248561.0884295904621665937192492206,220683876.7709786303801333802031803,3919,500.0
188,2021-11-09,447566656.654436418322404987159134,223783.3283272182091612024935795651,222762807.7108406229126048061209622,4282,500.0
189,2021-11-10,1058081016.292478782385920669762198,529040.5081462393911929603348811009,235561284.1679204153867624202618866,5260,500.0
190,2021-11-11,652209926.5925950642990934643136027,326104.9632962975321495467321567975,246695832.8629611989293801082879869,3913,500.0
191,2021-11-12,837134127.0324892765257318848597687,418567.063516244638262865942429884,245271195.4584310635015725629399234,4129,500.0
192,2021-11-13,380105925.5831684024282058150935901,190052.9627915842012141029075467949,243282987.7262468940557540672571672,3366,500.0
193,2021-11-14,488861394.6274710730272557691709793,244430.6973137355365136278845854908,245489054.2969271331887020638575625,3411,500.0
194,2021-11-15,571489047.1183906512894719405339103,285744.5235591953256447359702669512,243910415.0833891039604835260609254,4268,500.0
195,2021-11-16,881951648.9277012895259681397747739,440975.8244638506447629840698873827,228158366.144254297296903134384086,5034,500.0
196,2021-11-17,677564335.1033741356328514733913219,338782.1675516870678164257366956598,235564918.5476846369656855476068987,4143,500.0
197,2021-11-18,1173550351.611718623955476655756678,586775.1758058593119777383278783357,218771776.0420126371042297798424924,5091,500.0
198,2021-11-19,773885092.5831147398031326362736175,386942.5462915573699015663181368125,239966391.5481058543060500783772796,5021,500.0
199,2021-11-20,510634760.6517843546542931179270654,255317.3803258921773271465589635352,235169693.149116167649444443592985,4042,500.0
200,2021-11-21,488397280.1412831172132820286563232,244198.6400706415586066410143281604,233577106.6306959346616657400539779,3834,500.0
201,2021-11-22,1082675332.158384552656162144092236,541337.6660791922763280810720461144,238565881.5171777736445961548757047,4643,500.0
202,2021-11-23,864872187.9057660278047082513763378,432436.0939528830139023541256881666,244386376.9121501438171532406492901,4711,500.0
203,2021-11-24,847957103.0823338468702103081557403,423978.5515411669234351051540778712,235892236.596854367931541704646074,4994,500.0
204,2021-11-25,632569808.3000832914561555992565036,316284.9041500416457280777996282524,247418907.267659216412162205369629,4827,500.0
205,2021-11-26,1434221221.246510402512355549988926,717110.6106232552012561777749944535,229248904.3489125313444713868395241,7520,500.0
206,2021-11-27,624898115.7962523629106813756673488,312449.057898126181455340687833675,231242282.6017805447211291761332552,5232,500.0
207,2021-11-28,874490486.5053421277538564032453995,437245.2432526710638769282016226987,241114047.5929727947452075452602634,5594,500.0
208,2021-11-29,772202437.6388780829125870218809597,386101.2188194390414562935109404784,255903359.6033054268517861273940949,4677,500.0
209,2021-11-30,1322576487.479558473919156214963601,661288.2437397792369595781074818062,263001864.5503800922290177287642992,5472,500.0
210,2021-12-01,746738119.9859639429099324805202981,373369.0599929819714549662402601494,251922892.768431683253399021182121,4732,500.0
211,2021-12-02,1019065235.305679102049112645372528,509532.6176528395510245563226862671,257038329.5527377561621624112827837,5001,500.0
212,2021-12-03,1319145441.341479657573900261795378,659572.7206707398287869501308976851,248415076.1825957026937921838020214,5472,500.0
213,2021-12-04,1523212188.921644315834389342254967,761606.0944608221579171946711274802,243408047.0839973876760865441232768,7345,500.0
214,2021-12-05,1254711467.485107541819395530985901,627355.7337425537709096977654929518,252121295.2889562259655373152660514,5576,500.0
215,2021-12-06,1513350400.784781032900065646318346,756675.2003923905164500328231591781,263202538.3915789625313339024921235,6860,500.0
216,2021-12-07,807124569.79783196637921381664691,403562.2848989159831896069083234563,254977290.2032987648400772406412827,5508,500.0
217,2021-12-08,799648473.5502398993063630471925764,399824.2367751199496531815235962884,263162793.553740620347798731662347,5270,500.0
218,2021-12-09,1279260322.35421688890803116724961,639630.1611771084444540155836248077,246672642.4377965847459741866727927,6377,500.0
219,2021-12-10,1355320566.112643145820950182893914,677660.2830563215729104750914469521,238244113.7841856263531177166775442,6468,500.0
220,2021-12-11,867270226.2198550332688159065783496,433635.1131099275166344079532891721,249244468.5506674143386844159501127,5182,500.0
221,2021-12-12,583869859.9388089937548184397508618,291934.9299694044968774092198754271,250377291.8120114881811721198858218,4730,500.0
222,2021-12-13,910681074.0519894546261768676673291,455340.5370259947273130884338336658,238203625.0516730941711579996006001,6734,500.0
223,2021-12-14,918746865.0863907515120070483748765,459373.4325431953757560035241874355,244758003.323579303930348276905688,6144,500.0
224,2021-12-15,1550078507.371590253778676044223033,775039.2536857951268893380221115131,253182700.4430820280161234320448962,5995,500.0
225,2021-12-16,817245101.5260485728694767545540279,408622.5507630242864347383772770161,262454266.0385006226146223467289756,4495,500.0
226,2021-12-17,1131939467.547478892159056545602179,565969.7337737394460795282728010943,274737475.9487048160336708145253201,5404,500.0
227,2021-12-18,744770187.619967539522203129724944,372385.0938099837697611015648624747,300222765.599197285710970005356442,4533,500.0
228,2021-12-19,668383957.5189802884644114339072872,334191.9787594901442322057169536452,300013096.3970462042022827341148298,4175,500.0
229,2021-12-20,992296970.5062876233018079413467375,496148.4852531438116509039706733659,303404278.6927240892266317201312138,5639,500.0
230,2021-12-21,600001499.7618052398148701667401836,300000.7498809026199074350833700919,311743698.8109845033634939626901917,5502,500.0
231,2021-12-22,458181940.3845482654250351638630702,229090.9701922741327125175819315368,307832028.2771803914003401085413863,4291,500.0
232,2021-12-23,648732555.0175421357444234907336657,324366.2775087710678722117453668319,313390011.8726833800045031469745735,4456,500.0
233,2021-12-24,509718628.6461531675229288114766194,254859.3143230765837614644057383074,301195130.5173054821968847140719703,4290,500.0
234,2021-12-25,400980057.6691414672580733125450048,200490.0288345707336290366562725044,308414142.6212223121555110831959835,4257,500.0
235,2021-12-26,419176362.8499305247001040103756886,209588.181424965262350052005187844,302651045.2613521419189743530841556,3746,500.0
236,2021-12-27,418328722.6354077057172662515594131,209164.3613177038528586331257797097,301998698.017537818536680596341085,3619,500.0
237,2021-12-28,910456089.1025166621591498302443419,455228.0445512583310795749151221695,281548993.9922594779515564856981701,5092,500.0
238,2021-12-29,559908248.6618381203926262728671576,279954.1243309190601963131364335805,273542908.7669919064085789733434511,4640,500.0
239,2021-12-30,468689337.4918876149106862158508186,234344.6687459438074553431079254093,279011854.1083250637443551324485602,4461,500.0
240,2021-12-31,476112702.0971039029548997844399341,238056.351048551951477449892219965,277268624.692622786763400807111262,4794,500.0
241,2022-01-01,383895781.7379212878851863576384199,191947.890868960643942593178819208,280958438.734124768093407605345212,3939,500.0
242,2022-01-02,427870515.057152458320158378387706,213935.2575285762291600791891938519,291528420.5508198671092329752231442,3380,500.0
243,2022-01-03,498745548.3903260600626501455303815,249372.7741951630300313250727651884,287887037.6725128353263257368139916,4252,500.0
244,2022-01-04,660843923.8289837338701708259636289,330421.9619144918669350854129818146,293298999.5009640939853308148165189,4123,500.0
245,2022-01-05,836460115.9495944392678029876890784,418230.0579747972196339014938445397,283711012.1993291347017323534592077,5349,500.0
246,2022-01-06,636625001.217459028981396437187763,318312.5006087295144906982185938857,262726024.961447178899739783019413,6064,500.0
247,2022-01-07,943904127.1872007432194449397750197,471952.063593600371609722469887512,231545331.148076628343602987973923,6957,500.0
248,2022-01-08,929913653.7501659598774514479274142,464956.8268750829799387257239637073,228285820.5476814519474174110539836,5428,500.0
249,2022-01-09,543059952.9835324534695239476856819,271529.97649176622673476197384284,223465485.7338354382013412800614827,3595,500.0
250,2022-01-10,1116373944.253315707833244132108008,558186.9721266578539166220660540059,226143435.2168757445153407843682698,5214,500.0
251,2022-01-11,623530009.8707207392699507414085785,311765.0049353603696349753707042908,244671224.0348725138782823173153897,4030,500.0
252,2022-01-12,674868206.16542591464048957001938,337434.1030827129573202447850096922,243765452.2834654510161795260393514,4271,500.0
253,2022-01-13,933526511.856190283225814694099896,466763.2559280951416129073470499471,239979879.7669271282420041182066568,4045,500.0
254,2022-01-14,651663968.2508959953149182518087202,325831.9841254479976574591259043628,247102677.0259422310796296734995302,3902,500.0
255,2022-01-15,357710942.2478986824839287104890902,178855.4711239493412419643552445446,251763007.3209145844535491540949063,3224,500.0
256,2022-01-16,375974453.4117262025644274866204085,187987.2267058631012822137433102035,252091256.0069382955319634172081465,3212,500.0
257,2022-01-17,639290578.9961833776404446334507795,319645.2894980916888202223167253893,259076672.280253622560927718420784,4681,500.0
258,2022-01-18,713891555.1351658324793224905135506,356945.7775675829162396612452567753,252778153.0334445530839759897214789,4851,500.0
259,2022-01-19,768132529.9968316968834953510915113,384066.2649984158484417476755457548,249496207.7420046720610057760842915,4917,500.0
260,2022-01-20,809952201.6770819782841731975670899,404976.1008385409891420865987835427,248490585.4028625216396978572345496,5209,500.0
261,2022-01-21,2114626244.122020741579618281974982,1057313.122061010370789809140987507,212101190.3660018606292192156675344,10153,500.0
262,2022-01-22,855403552.6149313586793584034169353,427701.7763074656793396792017084658,203686472.0030735038613218677516052,8846,500.0
263,2022-01-23,1398151377.901810613391812446580637,699075.6889509053066959062232903247,210309766.0196241211954932758667104,6422,500.0
264,2022-01-24,1668785376.966463579987449087650093,834392.6884832317899937245438250464,213745593.0274049271156944948959844,9274,500.0
265,2022-01-25,928393775.6626468930519685047878793,464196.887831323446525984252393941,212903638.5440519595688625076900756,6322,500.0
266,2022-01-26,1445639272.117553104101019269277551,722819.636058776552050509634638774,208335876.0634201260012995236570855,7451,500.0
267,2022-01-27,1106844420.752515355279885475295367,553422.2103762576776399427376476832,206047234.8601013419070270472876967,6350,500.0
268,2022-01-28,829655995.3822525578261620563525488,414827.9976911262789130810281762741,214605327.2194715209669737919842892,5288,500.0
269,2022-01-29,531738271.8324913612879814421912366,265869.1359162456806439907210956184,223907260.1610918519894589202588938,4255,500.0
270,2022-01-30,460188378.1112607745666840371630324,230094.1890556303872833420185815192,226463114.7663228985250421129921635,3909,500.0
271,2022-01-31,646312856.3450144753144177062949965,323156.4281725072376572088531474996,235814604.8627879886867178313992441,4914,500.0
272,2022-02-01,802079279.9059485819893201174520097,401039.6399529742909946600587260047,246615532.502905912034597137371989,4405,500.0
273,2022-02-02,734875826.0306577804353615714131668,367437.9130153288902176807857065839,244197451.0124061901440551163866989,4429,500.0
274,2022-02-03,732214709.4495264740454532975446694,366107.3547247632370227266487723383,244568470.7283890806350953717564797,4542,500.0
275,2022-02-04,584325262.8616473799022426071520432,292162.6314308236899511213035760217,192895785.5312149770750143530790561,4967,500.0
276,2022-02-05,688944926.5507708510064097221801344,344472.4632753854255032048610900691,269673134.0011570889341653904667815,4510,500.0
277,2022-02-06,539689284.0471775287262563183785569,269844.6420235887643631281591892776,295504169.9064063553058340805288914,3999,500.0
278,2022-02-07,652692389.9174933636749696927313769,326346.1949587466818374848463656845,297246588.2119906887317528368579114,4653,500.0
279,2022-02-08,669968485.409486144830123109362445,334984.2427047430724150615546812243,279478719.9386215503645339236163758,4635,500.0
280,2022-02-09,616111165.9825463552342439643563297,308055.582991273177617121982178166,307804876.7616551972100426538553567,4398,500.0
281,2022-02-10,1035496077.422755157659585675556822,517748.0387113775788297928377784146,283281322.5411041736791928214233086,5372,500.0
282,2022-02-11,1081674590.807831937006343995871673,540837.2954039159685031719979358377,283774630.1516871421141571520194812,6104,500.0
283,2022-02-12,641665321.8974117330870235217814971,320832.6609487058665435117608907475,280202945.2096367238335243012848778,4521,500.0
284,2022-02-13,418610812.0210111594849354151756565,209305.4060105055797424677075878289,277900109.0057945333918513567841068,4167,500.0
285,2022-02-14,536168460.0680155106442489982203679,268084.2300340077553221244991101834,309782038.4387262130615302657783829,4714,500.0
286,2022-02-15,658454873.426890342994434770644994,329227.4367134451714972173853224961,329168703.9576684691794931156034195,5006,500.0
287,2022-02-16,595586705.411132821022694790040052,297793.3527055664105113473950200248,329491250.0242026112545725679996816,4008,500.0
288,2022-02-17,960217848.9096396072471251965896307,480108.9244548198036235625982948146,308604162.4709138201000466951254866,5618,500.0
289,2022-02-18,789108201.4286751001634934308403865,394554.1007143375500817467154201941,299325983.7401247607920329759067329,4597,500.0
290,2022-02-19,441055295.7506594208902669936312867,220527.6478753297104451334968156451,289711544.7598041236099964714784237,4090,500.0
291,2022-02-20,794696345.9964376868676684758138505,397348.1729982188434338342379069257,278503323.1967317854764999238838942,5968,500.0
292,2022-02-21,1278156475.557206077777717648178431,639078.2377786030388888588240892197,274929946.3360726307897676684758769,5861,500.0
293,2022-02-22,909096204.0999747038861417279075627,454548.1020499873519430708639537833,280906882.1858152896607937105331272,6038,500.0
294,2022-02-23,824158433.640048847490613789862097,412079.2168200244237453068949310493,277760567.2441790144940788667503678,5148,500.0
295,2022-02-24,1752681691.563556443764591955835533,876340.8457817782218822959779177476,263271264.2342965274275733852357616,13078,500.0
296,2022-02-25,1160609581.118686072252041679525135,580304.7905593430361260208397625731,278825667.6336817893878335792737836,6598,500.0
297,2022-02-26,590941359.4575456657271657129425607,295470.6797287728328635828564712787,279359866.0114318342556113440619599,4938,500.0
298,2022-02-27,1052790095.614366383610184513057258,526395.0478071831918050922565286246,268589465.988440927032954612632432,6543,500.0
299,2022-02-28,1094220556.50741592218045848771687,547110.2782537079610902292438584329,282604937.6320411791339785504564436,6479,500.0
300,2022-03-01,1007460499.050934257857548317251587,503730.2495254671289287741586257944,299524867.0733429631404625402497222,7290,500.0
301,2022-03-02,1038364907.425473128552731105321552,519182.4537127365642763655526607735,303881171.2891646888737114900340878,6174,500.0
302,2022-03-03,659783990.8864501254273544296794882,329891.995443225062713677214839745,299025279.2042080515613350037365659,5969,500.0
303,2022-03-04,927547746.3715980712010661197575805,463773.8731857990356005330598787896,274220895.7192626495698442311333805,6855,500.0
304,2022-03-05,379861550.9564151718901204087169506,189930.7754782075859450602043584764,285111325.70260688357186628427919,4963,500.0
305,2022-03-06,480656188.884244290968646802000489,240328.0944421221454843234010002444,278143413.8862902613490711287715932,5222,500.0
306,2022-03-07,731413291.4016897544861396334267953,365706.6457008448772430698167133976,265102661.8421537409754231993442117,7505,500.0
307,2022-03-08,836170521.9786188312859528990311303,418085.2609893094156429764495155679,275551668.8951670553573505896963846,6586,500.0
308,2022-03-09,640663702.5560612412182738301264414,320331.8512780306206091369150632219,279934750.5319522929613110963427149,6728,500.0
309,2022-03-10,584497498.1884374486042247337995901,292248.7490942187243021123668997982,276659484.3797810962625517380456573,6655,500.0
310,2022-03-11,600739745.6243947566635276626380441,300369.8728121973783317638313190224,278511882.8585871905399746065034597,6475,500.0
311,2022-03-12,270321101.521400315299586871375527,135160.5507607001576497934356877659,283503617.7255947529137249327345735,4685,500.0
312,2022-03-13,435344952.2961390729972160907394187,217672.4761480695364986080453697082,282223237.887405834754696485887943,4946,500.0
313,2022-03-14,535375628.6487842939422591659502819,267687.814324392146971129582975141,286847234.5215072787664821152836562,5915,500.0
314,2022-03-15,497009735.8362240652021774102893434,248504.8679181120326010887051446726,285765164.2479968568409969121044343,5989,500.0
315,2022-03-16,814704875.4944415458054930519359552,407352.4377472207729027465259679814,285090681.7534433911636384170486979,6611,500.0
316,2022-03-17,527440038.3699089142212150831948292,263720.0191849544571106075415974147,293026123.3207170196684868137376971,6658,500.0
317,2022-03-18,662006983.2032347966781364670982673,331003.4916016173983390682335491321,303074829.6214043208862167606143791,7421,500.0
318,2022-03-19,467332570.9884308214567954598658955,233666.2854942154107283977299329451,309382185.6288681280685194528373088,5275,500.0
319,2022-03-20,540419643.7707171667616308908138209,270209.821885358583380815445406909,307760044.9072894018656961061121938,5412,500.0
320,2022-03-21,568496729.5994593705459463727503299,284248.3647997296852729731863751654,246081862.1545573035761215250252087,5158,500.0
321,2022-03-22,647406555.6335941942342842613076629,323703.2778167970971171421306538267,306117439.9558478176770204206163326,6000,500.0
322,2022-03-23,557255525.0607880092125174933908962,278627.7625303940046062587466954467,252584866.076041878377791593021312,5392,500.0
323,2022-03-24,781544030.2055394531882805261340248,390772.0151027697265941402630670139,312327254.183636850764022243068303,6636,500.0
324,2022-03-25,749069300.6889625256497145912113803,374534.6503444812628248572956056878,319872152.3187223658727455618483535,6605,500.0
325,2022-03-26,391444427.2597379769435736093141053,195722.2136298689884717868046570535,324962605.6759156344987546715639384,4439,500.0
326,2022-03-27,464778451.0391349667863350107365889,232389.2255195674833931675053682955,320912052.6537898091741850123047443,5178,500.0
327,2022-03-28,705561459.9244909685431520191498445,352780.7299622454842715760095749224,321241694.0869949168430921571342845,7625,500.0
328,2022-03-29,786787803.7226665008770784072791623,393393.9018613332504385392036395772,320536857.4397080120563979856362693,7089,500.0
329,2022-03-30,740441751.3121145236899797830803847,370220.8756560572618449898915401938,310783617.0155202940908912858837558,5614,500.0
330,2022-03-31,745254035.116990063738175911651284,372627.0175584950318690879558256432,299127670.0051016132750944809021287,5890,500.0
331,2022-04-01,726343361.9503231167301269687181417,363171.6809751615583650634843590709,303732473.3627509942600176559226446,6122,500.0
332,2022-04-02,708289271.5627966950577388404299726,354144.6357813983475288694202149895,306301142.9842734824700443880215711,5455,500.0
333,2022-04-03,511535084.6541155266237972928776409,255767.5423270577633118986464388207,311829285.2507874122351335603468787,4554,500.0
334,2022-04-04,748993269.200908532962712524151585,374496.6346004542664813562620757937,311221345.8148417320256386109731673,4997,500.0
335,2022-04-05,761878349.5053291070627486663474429,380939.174752664553531374333173725,311710303.3485002490727926187918215,4457,500.0
336,2022-04-06,1149108627.972469566753507907471945,574554.313986234783376753953735967,309015138.0241803675245814131825443,6630,500.0
337,2022-04-07,810552745.5390380401003878833365169,405276.3727695190200501939416682572,339104125.421064706420964913501425,5196,500.0
338,2022-04-08,897377264.4035556447904175431435828,448688.632201777822395208771571792,337309704.4672764797833192818341181,5365,500.0
339,2022-04-09,472795059.5101857111340232650524946,236397.5297550928555670116325262473,346910583.7436708537946590547321002,4107,500.0
340,2022-04-10,391228798.5635665825942095473519229,195614.3992817832912971047736759601,329109191.9852502217559461818168704,4187,500.0
341,2022-04-11,1339736713.138201922403071713297881,669868.3565691009612015358566489449,322926271.7097486251663289116626525,8041,500.0
342,2022-04-12,1056048642.751797841168456312440496,528024.3213758989205842281562202478,327948458.5959832351413531021240387,6202,500.0
343,2022-04-13,677929041.8672928823639105160788381,338964.5209336464411819552580394188,335044688.6969433880048003779960442,5450,500.0
344,2022-04-14,600717712.9061535336636024295551964,300358.8564530767668318012147775966,331261876.5957723565286587315639981,5174,500.0
345,2022-04-15,409653563.8712162411688634450851889,204826.7819356081205844317225425948,266081218.9502749521196396639926209,4153,500.0
346,2022-04-16,185275488.4033438712649671270339891,92637.74420167193563248356351699522,263511751.0196678614001680555148925,3586,500.0
347,2022-04-17,459984467.0120577534370411549933882,229992.233506028876718520577496693,256098607.3713196207792643709400055,4648,500.0
348,2022-04-18,594196474.8633866156550808829751291,297098.2374316933078275404414875635,261150687.1415151645545914355670034,6110,500.0
349,2022-04-19,412102997.0357820626648094463730188,206051.4985178910313324047231865102,260531253.5321719343926258144662935,4836,500.0
350,2022-04-20,502811530.9058975679156214169226748,251405.7654529487839578107084613381,270539948.0458011920113024909003471,5099,500.0
351,2022-04-21,557093585.1553100515890932816801222,278546.7925776550257945466408400614,262797364.0990993563068637848220527,5576,500.0
352,2022-04-22,489351931.3476658547222762875436529,244675.9656738329273611381437718244,261767037.1432569666843175685970054,5424,500.0
353,2022-04-23,207390712.830929012350026645110818,103695.3564154645061750133225554089,255740352.9636393261271845801105279,4715,500.0
354,2022-04-24,274783644.5992144833291168237441874,137391.8222996072416645584118720946,258629633.3590394174545618013994676,3902,500.0
355,2022-04-25,677821667.7274375396107799318770897,338910.8338637187698053899659385422,260930859.9810164412613029850883272,6214,500.0
356,2022-04-26,660164592.4408298591750896590413418,330082.2962204149295875448295206692,250951851.4475493542913277129562412,5508,500.0
357,2022-04-27,559845168.2324628585184811350641442,279922.5841162314292592405675320748,276971831.5040512491420416641412423,5299,500.0
358,2022-04-28,696617626.1295132676212718801274441,348308.8130647566338106359400637267,287625495.5699667147683253254228022,6271,500.0
359,2022-04-29,612577457.325556716312514166095912,306288.7286627783581562570830479566,270984515.1402774026918915060125742,7020,500.0
360,2022-04-30,624298853.1663712003704493461395376,312149.4265831856001852246730697701,286856036.3900403492423025382337334,7300,500.0
361,2022-05-01,623466833.6621300097429730352333484,311733.4168310650048714865176166706,293177443.7164289057715773394447875,5724,500.0
362,2022-05-02,711938149.4175308507631844364542809,355969.0747087654253815922182271387,306939386.7542527492210345328032167,5064,500.0
363,2022-05-03,781244384.293615748020429095284316,390622.1921468078740102145476421553,310192220.9694027657160490847154451,4518,500.0
364,2022-05-04,22715312.93778592145616058187172536,11357.65646889296072808029093586268,310435019.3027079439151069879346481,229,500.0
0,2021-05-04,0,0,0,3,3000.0
1,2021-05-05,2285046.965667814199635098139460355,6855.140897003442598905294418381059,16202699.26488494745751583633939135,359,3000.0
2,2021-05-06,44244152.67787542252999919349273893,132732.4580336262675899975804782162,55297640.59048639944624513256577793,1384,3000.0
3,2021-05-07,46760038.97683729271605282426090377,140280.1169305118781481584727827113,65462001.19061169214812180168399363,1054,3000.0
4,2021-05-08,55140845.63832031034967048954949849,165422.5369149609310490114686484951,65196409.53043091763535390912030953,636,3000.0
5,2021-05-09,71775884.4756197823276827416289245,215327.653426859346983048224886773,76892863.19822446864160881869693135,789,3000.0
6,2021-05-10,130547330.6007164555014878114717423,391641.9918021493665044634344152269,58899204.33659707583929219806535113,899,3000.0
7,2021-05-11,134269524.5374999129560736912719527,402808.5736124997388682210738158575,71966270.28681243344742831742336299,576,3000.0
8,2021-05-12,191956310.8140005537541760607816613,575868.932442001661262528182344985,65432686.4839588909381682341424532,962,3000.0
9,2021-05-13,380371164.2282852496386797921050421,1141113.492684855748916039376315118,83310267.2481921593149653245237163,1852,3000.0
10,2021-05-14,155814344.4354706218184068557461982,467443.0333064118654552205672385965,106515271.0953834336105279138746418,1110,3000.0
11,2021-05-15,235094672.6144188763900909233885194,705284.0178432566291702727701655558,120000500.5194753126089402354870636,1401,3000.0
12,2021-05-16,339435994.3764303675351625103951706,1018307.983129291102605487531185511,128208245.3052618294433430257308344,1700,3000.0
13,2021-05-17,333876151.7181544456244206829361279,1001628.455154463336873262048808379,122514951.9968970380332791891955635,2229,3000.0
14,2021-05-18,236860763.7893127436094243338929845,710582.2913679382308282730016789519,129855967.8005808621668598670692078,1664,3000.0
15,2021-05-19,702592323.3189890910460936249927037,2107776.969956967273138280874978089,98527723.28797423668603572788623255,4243,3000.0
16,2021-05-20,561661665.7690391195822037077348447,1684984.997307117358746611123204528,130519077.4117059207532118920253551,3461,3000.0
17,2021-05-21,532817554.7604319892488889309265887,1598452.664281295967746666792779764,140151624.037946906516756420439678,3445,3000.0
18,2021-05-22,356045848.3794661948378968540282415,1068137.545138398584513690562084726,147617281.7289100759135282482693357,3237,3000.0
19,2021-05-23,651459549.7896166173832137447039875,1954378.64936884985214964123411197,143256115.0746255456525766292193675,4267,3000.0
20,2021-05-24,561234856.0968609059950606649731699,1683704.568290582717985181994919505,199346270.0979027527802293324549475,3820,3000.0
21,2021-05-25,520244180.6165631610674919407059755,1560732.541849689483202475822117918,233845522.4882189452790025610656687,3497,3000.0
22,2021-05-26,448020967.1656071025211707781857587,1344062.901496821307563512334557273,303308332.8394450423422662410102711,3342,3000.0
23,2021-05-27,443116066.0239738513057336697809308,1329348.198071921553917201009342794,300371007.3610959892962487358510144,2797,3000.0
24,2021-05-28,534902821.9588141658426076263548005,1604708.465876442497527822879064406,325396476.6144895522721249274030552,3650,3000.0
25,2021-05-29,622834139.3679126454728491260212789,1868502.418103737936418547378063834,322666506.4443877727466573992342515,3246,3000.0
26,2021-05-30,482245022.2169038167542737476502067,1446735.066650711450262821242950614,344566504.6507961675331085849961922,2963,3000.0
27,2021-05-31,421176754.4560833015116371041427208,1263530.263368249904534911312428162,376729636.4986078375258158246370533,2954,3000.0
28,2021-06-01,395174155.8795821426776001171489115,1185522.467638746428032800351446724,392285202.6995831908210117187205791,2319,3000.0
29,2021-06-02,284492250.7259464403551309375450962,853476.7521778393210653928126352918,424086931.058460101733729288690635,1674,3000.0
30,2021-06-03,318584935.833900870278812183236316,955754.8075017026108364365497089485,421370725.399070530624228453946521,1485,3000.0
31,2021-06-04,451056112.1984951045537137903537136,1353168.336595485313661141371061134,429529638.5608618528882776159717628,1979,3000.0
32,2021-06-05,337586379.6421226081218770316120253,1012759.138926367824365631094836077,445251055.0954584711145853970898263,1637,3000.0
33,2021-06-06,179150642.0833744842391459797575353,537451.9262501234527174379392726049,446816837.6288443629276288057234036,1188,3000.0
34,2021-06-07,332849383.659621673726422464631632,998548.1509788650211792673938948967,428829286.5382595735259253348210842,1618,3000.0
35,2021-06-08,501956298.5223813320430946278878322,1505868.895567143996129283883663494,429613892.9087189047509034576448323,2507,3000.0
36,2021-06-09,395540767.7611002872087615271467381,1186622.303283300861626284581440206,443845055.0665407513263475352966057,2063,3000.0
37,2021-06-10,261673781.3336920010813549992873239,785021.3440010760032440649978619732,414900369.6508705307835589378411723,1670,3000.0
38,2021-06-11,230296646.6045981380608143614478516,690889.9398137944141824430843435552,394196475.5755204540209912664744439,1817,3000.0
39,2021-06-12,189027293.9568726242394142959193493,567081.8818706178727182428877580469,386616813.7272828361920525145653613,1521,3000.0
40,2021-06-13,194021409.9910310402773872022890046,582064.229973093120832161606867013,402557950.2938353505775526492036081,1383,3000.0
41,2021-06-14,199602663.646565309465500794432194,598807.9909396959283965023832965812,399689482.2630359734371377837276883,1431,3000.0
42,2021-06-15,170351172.2374712276366501090684943,511053.5167124136829099503272054829,388819198.0182499060547428502380685,1456,3000.0
43,2021-06-16,171816021.9075005202739288791433185,515448.0657225015608217866374299576,365628058.5013017393389801400769855,1367,3000.0
44,2021-06-17,154707294.5166254666508338058506715,464121.8835498763999525014175520136,366428207.4143364923976216967779601,1682,3000.0
45,2021-06-18,181995417.5378933401948725573579338,545986.2526136800205846176720738014,360651674.1967760363915889653226265,1628,3000.0
46,2021-06-19,154106041.2431943288073205996430717,462318.1237295829864219617989292133,339686649.5591265375956834270876954,1460,3000.0
47,2021-06-20,219643037.2690348035338896334382206,658929.1118071044106016689003146595,357670135.1216327200538635789152674,1687,3000.0
48,2021-06-21,479392782.1695491708190895704709925,1438178.346508647512457268711412977,304465301.9672483922764018476908521,3244,3000.0
49,2021-06-22,346936627.9537528891801252616269922,1040809.883861258667540375784880977,318268136.5133128450623370773823714,2990,3000.0
50,2021-06-23,212440614.8667167680779638383863571,637321.8446001503042338915151590744,344171525.378677789595837525578088,2266,3000.0
51,2021-06-24,115255093.7121099077965311256462166,345765.2811363297233895933769386487,258260122.8832993921187947946379353,1551,3000.0
52,2021-06-25,155250167.1495556857803885166374744,465750.5014486670573411655499124228,249522791.7524310786983410594746082,1865,3000.0
53,2021-06-26,135155092.1337417859267569724794161,405465.2764012253577802709174382493,242074651.9374605604065092073465637,2373,3000.0
54,2021-06-27,116647104.5641036522718253304246895,349941.3136923109568154759912740692,258674421.1446112398602457270805994,1927,3000.0
55,2021-06-28,180313795.6348623332318304836072994,540941.3869045869996954914508218975,266803955.3027100542936828322297553,1950,3000.0
56,2021-06-29,135973069.4173809179364072379075341,407919.208252142753809221713722602,263408541.1595807436928902993274387,1672,3000.0
57,2021-06-30,161791134.9268832180080426346119374,485373.404780649654024127903835812,272982130.4888907173280944728728654,1659,3000.0
58,2021-07-01,135273211.8942599731709460713055479,405819.635682779919512838213916644,261408586.7518061682017739620458522,1471,3000.0
59,2021-07-02,105471636.5117161178397119323337401,316414.9095351483535191357970012201,267491812.4480277407900963797762507,1405,3000.0
60,2021-07-03,84986911.96797826334652483968219114,254960.7359039347900395745190465737,271403038.4488756999251792620326399,1103,3000.0
61,2021-07-04,106027239.7912941299033376515985345,318081.7193738823897100129547956034,276540053.60025513975207425576306,1477,3000.0
62,2021-07-05,122548031.4028095845298675589123512,367644.0942084287535896026767370531,269353693.4788522698594664281389561,1173,3000.0
63,2021-07-06,146127303.625907584159163219419465,438381.9108777227524774896582583948,277729513.1770040241415699688428226,881,3000.0
64,2021-07-07,95515969.82612020638616282973435145,286547.9094783606191584884892030541,278404414.8753399533543718835841284,823,3000.0
65,2021-07-08,165506124.8643110267123925708683022,496518.3745929330801371777126049063,267997418.3642334357452821118820546,1292,3000.0
66,2021-07-09,117559234.9517202979734888583199918,352677.7048551608939204665749599765,294049137.1490211331676541450963627,1111,3000.0
67,2021-07-10,170931719.7219344331772794322146945,512795.1591658032995318382966440832,290863282.7102558552698078455600876,1211,3000.0
68,2021-07-11,58866903.60770825947006678742523076,176600.7108231247784102003622756923,288694138.0765416475442105640342204,1049,3000.0
69,2021-07-12,80878460.47594774889422491047966432,242635.3814278432466826747314389924,270932997.3668744395985746181491202,861,3000.0
70,2021-07-13,97558554.21503707280703934159187415,292675.6626451112184211180247756214,289813686.5762707642664887089248547,1273,3000.0
71,2021-07-14,94342007.79216752519639975028906397,283026.0233765025755891992508671914,259685474.3208019616958801120766299,1073,3000.0
72,2021-07-15,110738605.7939924185689082058713904,332215.817381977255706724617614173,258699059.3035159493839189254570207,1032,3000.0
73,2021-07-16,77221364.06430321204299975744387883,231664.0921929096361289992723316362,251916393.849820518353028392696508,1009,3000.0
74,2021-07-17,75182008.8572873052583757298591324,225546.0265718619157751271895773983,254202535.6186549063088037514467377,1199,3000.0
75,2021-07-18,63352415.11841621609148449818434517,190057.2453552486482744534945530357,251557564.9958654642364567128396365,768,3000.0
76,2021-07-19,55571115.87114411208935123536951318,166713.3476134323362680537061085395,248295048.4532468984231107495814396,976,3000.0
77,2021-07-20,92376455.61312839831121116038179077,277129.3668393851949336334811453728,241304853.2812594807701475084916115,1160,3000.0
78,2021-07-21,171075001.1877294068998815070505268,513225.00356318822069964452115158,257309234.6457613228569345710675065,1326,3000.0
79,2021-07-22,121703919.1607687347213979051509624,365111.7574823062041641937154528857,259273502.8766465464320798610190935,1069,3000.0
80,2021-07-23,78913948.76518131729402130784764529,236741.8462955439518820639235429366,266242485.3828547497526788938502943,1153,3000.0
81,2021-07-24,80048856.62332539777780150986581135,240146.5698699761933334045295974335,273051647.1329789214664962661377728,970,3000.0
82,2021-07-25,57578073.84365848205928781108191751,172734.2215309754461778634332457526,278033561.5208901361098646285712008,967,3000.0
83,2021-07-26,232200042.8814322280926561206243697,696600.1286442966842779683618731089,288679039.8950888563222081100410245,1775,3000.0
84,2021-07-27,151822504.5824069272798507740886635,455467.5137472207818395523222659925,285355894.008536909620320816347519,1276,3000.0
85,2021-07-28,130468225.3899571598938803886865809,391404.6761698714796816411660597435,293566254.5012611791438441742856379,1077,3000.0
86,2021-07-29,66424323.16092354503646607505187846,199272.9694827706351093982251556364,296538914.0437082129723287598962127,865,3000.0
87,2021-07-30,100418922.5370090759115779426886111,301256.7676110272277347338280658335,304858156.2367775639230456613516174,935,3000.0
88,2021-07-31,69445285.2681115172344307698641902,208335.8558043345517032923095925694,295121206.3627731344889918289718429,930,3000.0
89,2021-08-01,145390462.4007103252776648310702159,436171.3872021309758329944932106466,289108550.9047337709366354052477549,1258,3000.0
90,2021-08-02,145342166.7174035584826894624651235,436026.5001522106754480683873953702,312634606.6357813342870142431182146,1162,3000.0
91,2021-08-03,182447476.3689373579132346560854405,547342.4291068120737397039682563214,309675891.7370229569956233448029237,1147,3000.0
92,2021-08-04,178267519.3564421238501144729230126,534802.5580693263715503434187690385,312687909.9913012407148542881022243,1243,3000.0
93,2021-08-05,230546480.0664461978890702837784248,691639.4401993385936672108513352752,317571055.8899150336562294848021147,1166,3000.0
94,2021-08-06,170017260.3129226074462980357187002,510051.7809387678223388941071560994,350958770.7104099799508075917663751,890,3000.0
95,2021-08-07,339362418.3868127358609871788318807,1018087.255160438207582961536495642,363327231.6093038283850591399532336,1559,3000.0
96,2021-08-08,220474533.3986038377802815680410107,661423.6001958115133408447041230352,358866070.5874595134430492843948321,1228,3000.0
97,2021-08-09,407772043.4825365195524331132399353,1223316.130447609558657299339719812,334210192.3207769776142105580048776,1387,3000.0
98,2021-08-10,185919798.2223362912426671484010129,557759.3946670088737280014452030373,333835275.8613786191656383901729989,998,3000.0
99,2021-08-11,132741508.6672251957042372984224549,398224.5260016755871127118952673648,344022121.4757176563356953197371277,771,3000.0
100,2021-08-12,226110087.9653782101282206137352566,678330.263896134630384661841205772,343379754.0722301229075660564932678,1104,3000.0
101,2021-08-13,139370061.1853400784874894709979098,418110.1835560202354624684129937283,348444364.064931494644071755137532,852,3000.0
102,2021-08-14,98020901.97566218970990825903662998,294062.7059269865691297247771098904,364991890.0674838032412599866384548,902,3000.0
103,2021-08-15,148291724.1054985824367711319057507,444875.1723164957473103133957172522,366444479.9826109362154900224529386,863,3000.0
104,2021-08-16,133340824.5129446200224654728826457,400022.4735388338600673964186479379,361159421.6778615717130853512417609,732,3000.0
105,2021-08-17,216359568.9488893792973482239863859,649078.7068466681378920446719591581,355436430.0796431696628586698790056,1073,3000.0
106,2021-08-18,177918298.6500721514958300387162415,533754.8959502164544874901161487249,357550874.7455035982888989187944974,1010,3000.0
107,2021-08-19,137922564.0446457328224398174318181,413767.692133937198467319452295455,370527520.9494151988012677711837116,841,3000.0
108,2021-08-20,105615553.9655029198187085392829991,316846.6618965087594561256178489954,368825033.9546160261321345755141409,848,3000.0
109,2021-08-21,77555551.79220903791918670335056836,232666.6553766271137575601100517047,365763528.476392436071545262333781,899,3000.0
110,2021-08-22,86067907.86303171875016251748377354,258203.7235890951562504875524513205,365301743.1747013304459140123241699,952,3000.0
111,2021-08-23,90020000.57798019313736198010922004,270060.0017339405794120859403276604,366592372.3539443953554210989446839,803,3000.0
112,2021-08-24,114285274.1776594450633104534798864,342855.8225329783351899313604396588,358640927.169227319729705707220249,828,3000.0
113,2021-08-25,119898040.2928430161705860097383888,359694.1208785290485117580292151672,360577999.3512016397045013444874777,975,3000.0
114,2021-08-26,122041477.1470877227362024203962551,366124.4314412631682086072611887662,355950181.8943172069787637947663736,790,3000.0
115,2021-08-27,97705092.52386562088543540759953859,293115.2775715968626563062227986153,367600012.0407482025110235231211516,578,3000.0
116,2021-08-28,40883773.67188958476511534039132552,122651.3210156687542953460211739765,369073945.1026026536053396146364307,363,3000.0
117,2021-08-29,90391832.15677505106862666150455201,271175.4964703251532058799845136565,374853837.1984838851280430882516284,546,3000.0
118,2021-08-30,134337555.6333148849886568678621045,403012.6668999446549659706035863125,377667030.0987524713633359828362686,629,3000.0
119,2021-08-31,220631131.1951810544179092300095322,661893.3935855431632537276900285952,381891300.413365130682369136641762,912,3000.0
120,2021-09-01,152051883.7716158395950310718877986,456155.6513148475187850932156633973,348866653.4998557183555273379144815,816,3000.0
121,2021-09-02,142711253.4764064475223981082136205,428133.7604292193425671943246408598,347703495.7808886743173080003381238,620,3000.0
122,2021-09-03,152297940.4972419328248241626981028,456893.8214917257984744724880943113,353702120.9331906220580422642310744,616,3000.0
123,2021-09-04,82868399.63826960531082686785955957,248605.1989148088159324806035786792,352226601.105471406540884888445202,423,3000.0
124,2021-09-05,61787607.92405914566034930626157163,185362.8237721774369810479187847146,357955206.5419417984527992364468722,415,3000.0
125,2021-09-06,54271112.97656648144383719730717992,162813.3389296994443315115919215395,345675253.5044367230165231213267186,395,3000.0
126,2021-09-07,432821953.0249596071169260330560735,1298465.859074878821350778099168229,281565932.4770752023671398367486293,1253,3000.0
127,2021-09-08,209862678.9213008792805306076610329,629588.0367639026378415918229830973,294426727.7527321171130805005286237,904,3000.0
128,2021-09-09,119352395.838787347496489220468989,358057.1875163620424894676614069681,295978357.2291060677721034772711971,498,3000.0
129,2021-09-10,170323623.8780450495715037138016936,510970.8716341351487145111414050808,287455301.0989040712857864781839096,756,3000.0
130,2021-09-11,87316283.75533904166766737681434785,261948.8512660171250030021304430433,290721529.1404639946914891296721536,588,3000.0
131,2021-09-12,77230923.01274329271486635274846818,231692.7690382298781445990582454046,296567411.8552435698795839001078439,504,3000.0
132,2021-09-13,168285884.5763296242526173712629118,504857.6537289888727578521137887362,291740293.7518829464508412611023302,682,3000.0
133,2021-09-14,82248842.63128898204510126105550563,246746.5278938669461353037831665167,297047825.3959637294275263368390269,645,3000.0
134,2021-09-15,51224326.64781009534578131054595139,153672.9799434302860373439316378546,306148820.0762205068872318206810025,451,3000.0
135,2021-09-16,119915972.2919580327025126951176203,359747.9168758740981075380853528607,305776124.9102847773189687340587011,669,3000.0
136,2021-09-17,91930124.38672238419786083339448176,275790.3731601671525935825001834444,299980771.8151907131215086428320558,579,3000.0
137,2021-09-18,51390143.66852240554315218856443108,154170.4310055672166294565656932931,294782034.8952269734284257225242637,491,3000.0
138,2021-09-19,56504202.96237816727181130467804683,169512.6088871345018154339140341401,311397694.5652240553087706846864825,535,3000.0
139,2021-09-20,279514852.7079163863454781331111669,838544.5581237491590364343993335003,276559545.6446257222963908639615314,1447,3000.0
140,2021-09-21,269836020.2326357486163300605779648,809508.0606979072458489901817338978,263330669.0947542100869301528409925,1289,3000.0
141,2021-09-22,110265775.5536923106012091596439962,330797.3266610769318036274789319886,282483473.5432747191817930124570115,985,3000.0
142,2021-09-23,92037044.7641813408086852409411441,276111.1342925440224260557228234326,291923932.5980484518161916541719236,624,3000.0
143,2021-09-24,182015008.1530427274109204067866958,546045.0244591281822327612203600895,286463917.3959683661502377297169526,986,3000.0
144,2021-09-25,104443766.3077618640239111273835449,313331.298923285592071733382150636,288333225.9839231475854308117149784,754,3000.0
145,2021-09-26,126359933.2641621920091434359859882,379079.7997924865760274303079579666,295257972.0371731981638307262131689,823,3000.0
146,2021-09-27,106698131.5947402847020126298708757,320094.3947842208541060378896126268,290588154.362143862675766203852703,724,3000.0
147,2021-09-28,106769359.4634271224641678929857232,320308.0783902813673925036789571705,277808016.5171274420276335312300021,825,3000.0
148,2021-09-29,63017051.81044443525135979801772304,189051.155431333305754079394053169,279150226.1528523369508984907938602,690,3000.0
149,2021-09-30,91649013.31212591691062457823706015,274947.0399363777507318737347111806,286523914.9387699873785999459207434,647,3000.0
150,2021-10-01,107142462.0434951944085108543099147,321427.3861304855832255325629297449,300798896.6787097503952877453405863,752,3000.0
151,2021-10-02,92158898.01379046998501429627537743,276476.6940413714099550428888261333,307981282.9083431537458800721434821,726,3000.0
152,2021-10-03,91331240.23512160000310021909847998,273993.7207053648000093006572954402,296905035.8604495282163751963062871,655,3000.0
153,2021-10-04,135941582.3524865370978640022849574,407824.7470574596112935920068548742,296925634.7190067990452128122989531,786,3000.0
154,2021-10-05,75830763.69878007863731763902212381,227492.2910963402359119529170663712,305704058.6322732818187631216421278,551,3000.0
155,2021-10-06,158412336.3480987006984473218282729,475237.0090442961020953419654848177,308146438.8040046388978402725317742,764,3000.0
156,2021-10-07,132297173.774425407942306595241599,396891.5213232762238269197857247971,310788498.9876853584008347809778678,621,3000.0
157,2021-10-08,95412460.06820968555094714710507425,286237.3802046290566528414413152238,312972827.6249664943997880347192755,532,3000.0
158,2021-10-09,41592154.28821081932236373695924395,124776.4628646324579670912108777317,315686854.7728578061555543612071044,476,3000.0
159,2021-10-10,91324515.96667234525814214727863186,273973.5479000170357744264418358952,305544385.5435592831530261879944381,619,3000.0
160,2021-10-11,97899368.4646474242566174033427281,293698.1053939422727698522100281834,310284382.6937131238938703972082775,635,3000.0
161,2021-10-12,132209132.1285998193346816095094011,396627.3963857994580040448285282015,310384046.0985785887780997264591067,651,3000.0
162,2021-10-13,78457637.72308513111786365085510792,235372.9131692553933535909525653237,314083929.6198037638060899898035932,556,3000.0
163,2021-10-14,87908438.62427279357967943303122601,263725.3158728183807390382990936783,317517047.1551125469693349852935537,585,3000.0
164,2021-10-15,88518070.30669489033488540653797495,265554.210920084671004656219613925,341774772.9210812132997081145633872,666,3000.0
165,2021-10-16,96379455.13464714086237317093695803,289138.3654039414225871195128108749,344065150.4871506284765261711922128,582,3000.0
166,2021-10-17,97365218.18696679585640580339484951,292095.6545609003875692174101845493,352738166.2500992559645040789048466,698,3000.0
167,2021-10-18,116307042.6721945036213942129182912,348921.1280165835108641826387548743,344908960.9802907490778267273981523,739,3000.0
168,2021-10-19,73939760.98423883214194629231465958,221819.282952716496425838876943978,351120559.8440121363325396845755439,540,3000.0
169,2021-10-20,108502161.3101489732599500109891384,325506.4839304469197798500329674148,351158680.9671853044592311331991013,852,3000.0
170,2021-10-21,232709828.7517864053286486732413612,698129.4862553592159859460197240837,330575210.3206013587194474726297672,1205,3000.0
171,2021-10-22,125953048.5174232395758904570044663,377859.1455522697187276713710133984,330116376.0897570944298534725126268,743,3000.0
172,2021-10-23,88238066.05403458806668004414757011,264714.1981621037642000401324427104,338445856.6437287232036850722439677,636,3000.0
173,2021-10-24,97189045.4506095840962147310281908,291567.1363518287522886441930845725,336090266.4870740844066034165395953,615,3000.0
174,2021-10-25,56258135.08821957546637777891434516,168774.4052646587263991333367430355,341876479.5768398089776057953571138,432,3000.0
175,2021-10-26,104085483.3895507044235043596714302,312256.4501686521132705130790142907,330843505.304044961228633807202425,527,3000.0
176,2021-10-27,228061536.853995643385018977882159,684184.6105619869301550569336464775,325764787.5617831875869102321545373,855,3000.0
177,2021-10-28,154311870.6981934372171834121773346,462935.6120945803116515502365320031,340716679.2560223611312153051494384,620,3000.0
178,2021-10-29,101979469.0952687466249806090261745,305938.4072858062398749418270785236,343340056.7411508579934825780597951,526,3000.0
179,2021-10-30,81343614.09574809254148413665644701,244030.8422872442776244524099693408,338892075.2132904740414680941072139,461,3000.0
180,2021-10-31,83349925.86947875357032817937405604,250049.7776084362607109845381221676,338717863.0666037736103746413564174,545,3000.0
181,2021-11-01,85212021.25443800347350783425650494,255636.063763314010420523502769514,340848872.0667687670519159804450535,497,3000.0
182,2021-11-02,88821017.39088303256184501756298387,266463.0521726490976855350526889512,345472682.1581306291731925994608675,559,3000.0
183,2021-11-03,101165725.2727107445256074503788127,303497.1758181322335768223511364392,350411341.3034460893840947581138264,647,3000.0
184,2021-11-04,86391131.18190137401743024987739304,259173.3935457041220522907496321786,351791499.7446436351515087750703583,521,3000.0
185,2021-11-05,60965526.9541689409557114791588515,182896.5808625068228671344374765547,350034939.4983852380079479139693868,451,3000.0
186,2021-11-06,68379476.84643179312652724951881476,205138.4305392953793795817485564439,344166153.9554411319218323522677145,564,3000.0
187,2021-11-07,49075953.30377592207101750495194553,147227.8599113277662130525148558366,346039014.1921722342190454411048799,445,3000.0
188,2021-11-08,53684303.45417468188690907252728794,161052.9103625240456607272175818642,353608159.9225387585587182432650066,474,3000.0
189,2021-11-09,75867249.88201951472118438849398542,227601.7496460585441635531654819558,329715728.9994123173365111349200692,493,3000.0
190,2021-11-10,155727908.1022049170801721726249205,467183.7243066147512405165178747621,326207369.0433924300951812371232072,704,3000.0
191,2021-11-11,60739551.74699035073859799544475735,182218.6552409710522157939863342714,325870054.8183944170175770735024999,421,3000.0
192,2021-11-12,128112982.3059219874217557157251692,384338.9469177659622652671471755066,326241222.5620017808135357229538438,638,3000.0
193,2021-11-13,32583030.90308973640156663364287422,97749.09270926920920469990092862273,322166332.1005990577862060339749771,313,3000.0
194,2021-11-14,60069042.11655548293420328274241185,180207.1263496664488026098482272355,324548684.5694208041187836281873963,421,3000.0
195,2021-11-15,63701504.70902170527829294336787499,191104.5141270651158348788301036249,328126681.9191525916946845020831387,420,3000.0
196,2021-11-16,193042010.8339392981092467925083618,579126.032501817894327740377525084,321687346.4148021603156092537194435,887,3000.0
197,2021-11-17,106617101.1859012394529110942546077,319851.3035577037183587332827638228,347328485.2759387946811641260955671,692,3000.0
198,2021-11-18,120266252.8454846309542067546608857,360798.7585364538928626202639826572,338872872.2428124906261387657467588,771,3000.0
199,2021-11-19,68336178.43317083833443839232563168,205008.5352995125150033151769768952,354269245.2765876754476571338188083,674,3000.0
200,2021-11-20,55566784.66892093664347589469636403,166700.354006762809930427684089092,363935683.5366860529555643559223981,586,3000.0
201,2021-11-21,83250632.97337297876351573488724086,249751.8989201189362905472046617221,358861749.5964060087590676072079341,611,3000.0
202,2021-11-22,94828111.08485073499707073793883721,284484.333254552204991212213816512,346804627.2020134191497679792029872,594,3000.0
203,2021-11-23,103868001.2894721821037632832839172,311604.0038684165463112898498517525,360901570.4461461224278716033671297,583,3000.0
204,2021-11-24,79875323.11199334866456632716336987,239625.9693359800459936989814901099,354803507.5508691581770726808238644,452,3000.0
205,2021-11-25,90728410.08461894395141584435096807,272185.2302538568318542475330529049,366935555.2953442713590828375768751,517,3000.0
206,2021-11-26,153594945.33744673673812036432414,460784.836012340210214361092972422,342726709.9477608400881005531706196,917,3000.0
207,2021-11-27,46759166.78750816954660962868293499,140277.5003625245086398288860488049,341641291.5974819944761234753640811,456,3000.0
208,2021-11-28,84398463.89563436443727695023658794,253195.3916869030933118308507097647,350261419.6080401793871002532354139,596,3000.0
209,2021-11-29,78998058.50627907253080690679715728,236994.1755188372175924207203914727,379935132.9291384598862060963896357,508,3000.0
210,2021-11-30,257801061.0638829770686146090909425,773403.1831916489312058438272728301,386224837.0013651585416733167526368,713,3000.0
211,2021-12-01,196747734.6011420490158583272097937,590243.2038034261470475749816293823,386526408.7258760706742944115901423,624,3000.0
212,2021-12-02,190108078.2733842076720911368272752,570324.2348201526230162734104818248,386956412.0266351687500789805231756,636,3000.0
213,2021-12-03,222375482.5433783174437221226696554,667126.4476301349523311663680089663,417707709.4945200289317800867743177,701,3000.0
214,2021-12-04,381571717.350975803800804154033349,1144715.152052927411402412462100044,402889394.3696244160698902381010661,1192,3000.0
215,2021-12-05,167680485.3385288994220130187310703,503041.4560155866982660390561932087,410758361.1828350027785175612082928,689,3000.0
216,2021-12-06,239006973.0936209196082406400858684,717020.9192808627588247219202576062,431808025.1476982218541165734637256,930,3000.0
217,2021-12-07,127039765.0869161761069870594462163,381119.2952607485283209611783386478,449405056.3263200795944845342266662,633,3000.0
218,2021-12-08,152708438.2616833705579136284209472,458125.3147850501116737408852628423,453377587.072287160830329407720471,670,3000.0
219,2021-12-09,198367119.293045471352577276094208,595101.3578791364140577318282826274,437195596.8665691321742310913030129,711,3000.0
220,2021-12-10,257240428.6550912964363009207876017,771721.2859652738893089027623628063,423979806.5637453269217739177931563,778,3000.0
221,2021-12-11,185854333.2839361291123296682545393,557562.9998518083873369890047636207,438875223.9001734478759057478493645,625,3000.0
222,2021-12-12,77493070.05737338584579401777439752,232479.2101721201575373820533231926,443839614.1037656476937191647473693,431,3000.0
223,2021-12-13,212497559.1950952506335167760143935,637492.6775852857519005503280431785,423077073.1434555354398487900949969,894,3000.0
224,2021-12-14,117671329.2551634880641703076151822,353013.9877654904641925109228455485,395098089.4097352766445998010288222,742,3000.0
225,2021-12-15,206929716.4865450631409392025097011,620789.1494596351894228176075291039,413915219.6144016307189710859649951,775,3000.0
226,2021-12-16,131959416.8175573379089690197610033,395878.2504526720137269070592830092,423824802.8352464535479245502835126,524,3000.0
227,2021-12-17,204521755.6190545803190134982487184,613565.2668571637409570404947461551,420736258.0018304433977134911780729,671,3000.0
228,2021-12-18,135713322.0816276088738963396339958,407139.966244882826621689018901988,426895679.158577639785793917203449,485,3000.0
229,2021-12-19,122671443.5378528367966847194326093,368014.3306135585103900541582978262,427706616.7837068958979825392211256,514,3000.0
230,2021-12-20,158005218.5169910993582311981070962,474015.6555509732980746935943212889,434006331.893783272454242324458404,696,3000.0
231,2021-12-21,87429410.51548524203774697731001967,262288.231546455726113240931930059,433397994.3174150347649092703147849,478,3000.0
232,2021-12-22,70403583.33514058718863724229295973,211210.7500054217615659117268788795,438570858.0612686729578199886001111,387,3000.0
233,2021-12-23,102332850.2164624014736797959314488,306998.5506493872044210393877943474,445516717.1877158703815292929990669,462,3000.0
234,2021-12-24,67070455.84479684323581083757753984,201211.3675343905297074325127326201,438632634.9501659943835984919500463,369,3000.0
235,2021-12-25,61686840.46313219048691974328080379,185060.5213893965714607592298424117,442661578.5969551803029908425627289,331,3000.0
236,2021-12-26,43939840.97364648670072347712003604,131819.5229209394601021704313601082,438790120.2968424510702434319721718,332,3000.0
237,2021-12-27,36117912.81354436169731592098884624,108353.738440633085091947762966539,437557678.952955550296804057253663,315,3000.0
238,2021-12-28,101539975.6637588391259015091103468,304619.9269912765173777045273310392,417394785.3635595409931189288232293,487,3000.0
239,2021-12-29,61528262.68527587179020957245831856,184584.7880558276153706287173749553,401380117.5355876660151355185223873,386,3000.0
240,2021-12-30,55340057.73519387302018217033406508,166020.1732055816190605465110021949,421828872.430316814949383449432516,371,3000.0
241,2021-12-31,99074208.11530210631145994929939639,297222.624345906318934379847898189,407713091.8427500197015000400287617,396,3000.0
242,2022-01-01,45705802.26196465219245091541718463,137117.4067858939565773527462515541,405533873.7000463554529854315889319,323,3000.0
243,2022-01-02,33421708.69330421378231276352291548,100265.1260799126413469382905687467,420029158.22274437426296766709599,216,3000.0
244,2022-01-03,43354339.58898846104669879584647713,130063.0187669653831400963875394315,416468539.2160538439997117324235078,285,3000.0
245,2022-01-04,57048224.83541066993345390029804928,171144.6745062320098003617008941475,422809844.3563740492358574083168083,344,3000.0
246,2022-01-05,185188580.3788488939750865944322484,555565.7411365466819252597832967449,400414689.8722659019179889065356089,575,3000.0
247,2022-01-06,205440131.2492646799952625584416338,616320.3937477940399857876753249002,374335545.7412023416461209104570111,746,3000.0
248,2022-01-07,229187844.5562554102460013052958166,687563.5336687662307380039158874517,332370485.0820013855584528690113168,1050,3000.0
249,2022-01-08,91412986.69136250292533140502156357,274238.9600740875087759942150646904,326310543.1112562788128928574569548,528,3000.0
250,2022-01-09,34607595.3332535408344346445139219,103822.7859997606225033039335417655,330725105.4960739564288445955463514,304,3000.0
251,2022-01-10,114081784.5282538115374092082707723,342245.3535847614346122276248123176,351628406.8745367059225717683776408,583,3000.0
252,2022-01-11,74331085.44005788888614242965637745,222993.2563201736666584272889691319,366037617.0340312334101783216472931,305,3000.0
253,2022-01-12,62103816.15594012619481185543992077,186311.4484678203785844355663197621,354809106.8610365417904774665512509,331,3000.0
254,2022-01-13,67493277.41462953000803154981680029,202479.8322438885900240946494504005,348331832.501989287374875125999474,369,3000.0
255,2022-01-14,59044980.92563416700132478870960377,177134.9427769025010039743661288114,352009573.9523955673852211374624715,371,3000.0
256,2022-01-15,29864034.18064756024783785855168341,89592.10254194268074351357565505019,352903756.9948561775274026619579949,221,3000.0
257,2022-01-16,48096124.51808346551965960580022198,144288.3735542503965589788174006658,354506670.2982360648026345424866591,303,3000.0
258,2022-01-17,66407776.86702067934830592746631013,199223.3306010620380449177823989301,347163138.4650248661105100533904846,455,3000.0
259,2022-01-18,87310854.17333554013107460898124654,261932.5625200066203932238269437401,347634056.2023074018594801896561676,480,3000.0
260,2022-01-19,72355935.2315742957043960460844323,217067.8056947228871131881382532968,341557337.027808420504955134659744,350,3000.0
261,2022-01-20,93801155.99263065193650995815074518,281403.4679778919558095298744522348,334802420.6693294939807198430733244,547,3000.0
262,2022-01-21,464395042.4799869276397392293128955,1393185.127439960782919217687938684,270637524.9707507963522086417422589,1580,3000.0
263,2022-01-22,270534287.506857172254532294545576,811602.8625205715167635968836367272,262239394.6368740420375862383503746,1536,3000.0
264,2022-01-23,58394600.38824733630672717243137969,175183.8011647420089201815172941386,269917319.5144396653071598430376766,534,3000.0
265,2022-01-24,236581110.8267042422521548237587768,709743.3324801127267564644712763312,269992095.7027373007139913191375691,1246,3000.0
266,2022-01-25,108343931.6171601842465168090067022,325031.7948514805527395504270201075,293687707.5108686741300957890492858,653,3000.0
267,2022-01-26,162093164.9775761473535232947576331,486279.4949327284420605698842728986,283965694.7971003614333251502162077,788,3000.0
268,2022-01-27,145031209.4844734019932581968959392,435093.6284534202059797745906878193,294678593.9902190075108679817941962,737,3000.0
269,2022-01-28,108111329.6347140372022719919075044,324333.9889041421116068159757225129,310187953.9510749370778006966249257,563,3000.0
270,2022-01-29,62464423.11230111127092951031193375,187393.2693369033338127885309358011,313563072.2637281722082959054127632,407,3000.0
271,2022-01-30,57991165.49774677952990185083745285,173973.4964932403385897055525123585,312354950.1783901496870571968124903,425,3000.0
272,2022-01-31,66116897.86971955059573852791745157,198350.6936091586517872155837523538,318370607.8863737994345628282725643,386,3000.0
273,2022-02-01,97642183.6985432852455621234722178,292926.5510956298557366863704166537,330960580.3107663319398040927215775,432,3000.0
274,2022-02-02,92016287.73501809401910838082662073,276048.8632050542820573251424798626,331293228.2957511029556388549181424,459,3000.0
275,2022-02-03,78237307.54492291612070536202782643,234711.922634768748362116086083479,330894624.7502104186679431522457174,449,3000.0
276,2022-02-04,91399335.50981550391321333051565109,274198.0065294465117396399915469526,346352138.3203378867396451812766862,515,3000.0
277,2022-02-05,61204090.24031206150309792000846111,183612.270720936184509293760025383,376644457.4455600665665780297387787,377,3000.0
278,2022-02-06,45790130.03385944289183608540956336,137370.3901015783286755082562286901,379201714.026713488735883122459162,370,3000.0
279,2022-02-07,79337094.3865356750668080007292934,238011.2831596070252004240021878798,388551362.8748595462783665145299195,468,3000.0
280,2022-02-08,92581149.76432799977474919484981101,277743.4492929839993242475845494337,388441934.9295451263723371462195575,497,3000.0
281,2022-02-09,69314524.9838194818508187921372678,207943.5749514584455524563764118036,397771055.7345288319917487295759602,388,3000.0
282,2022-02-10,131953798.7287782250491014888765987,395861.3961863346751473044666297961,393629775.942893639182456382297486,501,3000.0
283,2022-02-11,137580631.107269181395330382996854,412741.893321807544185991148990561,386237957.8433795378479248257616371,716,3000.0
284,2022-02-12,84188599.31185634336324027014021438,252565.797935569030089720810420643,383629232.0885392303841159181758626,465,3000.0
285,2022-02-13,46767756.16949805064705708891773139,140303.2685084941519411712667531943,384023297.2339414562339035787561329,314,3000.0
286,2022-02-14,58252134.98781645641751949060367952,174756.4049634493692525584718110384,387421128.0386867543793102403482727,404,3000.0
287,2022-02-15,64684436.67499620890528409685803734,194053.3100249886267158522905741119,404417447.862069715054893672321205,392,3000.0
288,2022-02-16,65890824.75438064645865131935695331,197672.4742631419393759539580708592,401922940.6190992461305719053628087,337,3000.0
289,2022-02-17,107639175.3176336811945309162731333,322917.5259529010435835927488194,387529577.9914543236621386509621867,511,3000.0
290,2022-02-18,84177649.32291374330562456093763916,252532.9479687412299168736828129175,359180020.9064411928258560098189909,460,3000.0
291,2022-02-19,43376438.05350681637796724081195578,130129.3141605204491339017224358676,330269489.8932095308136028995795422,356,3000.0
292,2022-02-20,66579910.89799584531402387148899194,199739.7326939875359420716144669753,320248328.2460421887795650529304725,472,3000.0
293,2022-02-21,144892658.619045118090649127463244,434677.975857135354271947382389733,318158964.0543933716543295434373719,666,3000.0
294,2022-02-22,106904866.6419206609923683587571229,320714.5999257619829771050762713688,323900954.6645759334886032779902408,613,3000.0
295,2022-02-23,72718444.43774102033473815559716651,218155.3333132230610042144667914994,321795841.1410671066755676696897999,465,3000.0
296,2022-02-24,226562353.2416572334923290713089626,679687.0597249717004769872139268852,306921067.0111067396117368748163012,1443,3000.0
297,2022-02-25,122673102.6774606087010040383731625,368019.3080323818261030121151194869,316249742.7404918830206261017714297,691,3000.0
298,2022-02-26,61534823.31985885279408513913586603,184604.4699595765583822554174075983,320292467.6956901387707172676819689,466,3000.0
299,2022-02-27,112603138.0680847241369929045419619,337809.4142042541724109787136258859,310355440.2332054857564685834898317,670,3000.0
300,2022-02-28,102176857.845331752020117156476746,306530.5735359952560603514694302389,328357618.3829614777296828503037867,582,3000.0
301,2022-03-01,82688887.91301113002281315851355034,248066.6637390333900684394755406516,362572637.9547380937760830360352454,635,3000.0
302,2022-03-02,115518728.711536513213827049658304,346556.1861346095396414811489749128,374752099.5734545169714172912411249,636,3000.0
303,2022-03-03,47077417.33498790469282747113000088,141232.2520049637140784824133900024,366070566.0806440515814792585258441,408,3000.0
304,2022-03-04,71469300.58712715356433235767909267,214407.9017613814606929970730372785,351914121.6845710370404753734016096,548,3000.0
305,2022-03-05,25833416.99522031485036355957982621,77500.25098566094455109067873947878,368171109.6794942166643600828190361,343,3000.0
306,2022-03-06,51826019.65050917858556133645765024,155478.0589515275357566840093729504,364668504.4089622857472185453202019,420,3000.0
307,2022-03-07,112197927.5531911995280157494822419,336593.7826595735985840472484467264,357493223.2859402693905059798041843,748,3000.0
308,2022-03-08,133493390.8029762772033894749007681,400480.1724089288316101684247023049,372552428.9937480064893080277616732,758,3000.0
309,2022-03-09,74380474.59661481718785087766148827,223141.4237898444515635526329844635,394859854.2642283678607757495656026,645,3000.0
310,2022-03-10,83646613.31543222832556441278539184,250939.8399462966849766932383561748,381278710.1784393709652907731087541,522,3000.0
311,2022-03-11,75824285.60334204817552732261169582,227472.8568100261445265819678350873,373326312.660378868574408976266517,509,3000.0
312,2022-03-12,24923682.18818174092080480359206664,74771.04656454522276241441077620004,375072056.0126363868618105373570741,348,3000.0
313,2022-03-13,40421407.6787144732701651739433684,121264.223036143419810495521830105,367508799.0244153970131153379062164,346,3000.0
314,2022-03-14,51882088.5137128173863937402212204,155646.265541138452159181220663661,368898998.8844873250392756368276274,515,3000.0
315,2022-03-15,65234530.13716571998171035564495637,195703.5904114971599451310669348698,373083873.4813224287151747130006727,537,3000.0
316,2022-03-16,118709985.1172229620589163261201652,356129.9553516688861767489783604968,391636206.112549300335557572015702,614,3000.0
317,2022-03-17,37496133.87782462194623092457987604,112488.4016334738658386927737396283,395035372.3214027592117696636254872,407,3000.0
318,2022-03-18,54571277.92455005755006626107728171,163713.8337736501726501987832318452,408399997.4009235621096565491315472,577,3000.0
319,2022-03-19,39652352.14744303381105921942321916,118957.0564423291014331776582696577,406680606.456331511093437075543379,490,3000.0
320,2022-03-20,50028777.22267926515205990461390055,150086.3316680377954561797138417012,401219424.2451860056087972766641166,540,3000.0
321,2022-03-21,55082503.16519255875442989816781775,165247.5094955776762632896945034538,406288419.9942613056448969662542408,499,3000.0
322,2022-03-22,71734091.22719614302926706170292531,215202.2736815884290878011851087761,410480242.7735090448822492570210452,565,3000.0
323,2022-03-23,79447198.24865291461305838865101812,238341.594745958743839175165953054,417163398.2275924144543840763499038,538,3000.0
324,2022-03-24,75794582.58451891541185296394636333,227383.7477535567462355588918390898,423568363.8131773898731557975667447,587,3000.0
325,2022-03-25,77344724.8480861172203452685888705,232034.1745442583516610358057666118,410056705.7876335772480415587776966,588,3000.0
326,2022-03-26,19495995.54046264011688916238065746,58487.98662138792035066748714197221,412372110.3722084560356542832675583,430,3000.0
327,2022-03-27,60081673.08096661790197110287397283,180245.019242899853705913308621919,421901546.8855614754240642518019498,670,3000.0
328,2022-03-28,72581670.57220007771410276887567635,217745.011716600233142308306627029,413650200.9543136268102135701538155,685,3000.0
329,2022-03-29,85267532.93461203035350868752199488,255802.5988038360910605260625659853,419087185.0795634983616913378055603,709,3000.0
330,2022-03-30,71710298.7987459559853171850824042,215130.896396237867955951555247212,414566103.9646649872230791502518884,550,3000.0
331,2022-03-31,74216107.45148117601386522733645755,222648.3223544435280415956820093726,407122034.3120422044512374331089876,505,3000.0
332,2022-04-01,89877730.13371626197077547010534833,269633.1904011487859123264103160445,416561469.9780610322681082085080083,597,3000.0
333,2022-04-02,78509945.43789443394629364499100637,235529.8363136833018388809349730191,418925991.1329150541623122157685668,436,3000.0
334,2022-04-03,58028917.18495498853806823053906581,174086.7515548649656142046916171977,421742712.3740570938486469732091346,377,3000.0
335,2022-04-04,66178959.5608694711284966778363182,198536.8786826084133854900335089548,426036130.6737485701401365953255943,403,3000.0
336,2022-04-05,76392651.15831620884636978009988897,229177.9534749486265391093402996665,421401126.2818076276925684894074229,405,3000.0
337,2022-04-06,175452494.307907252570197656337719,526357.4829237217577105929690131568,407652396.5105662643813646563727395,726,3000.0
338,2022-04-07,95504017.5345200804348647417459436,286512.05260356024130459422523783,410612640.0958545146658553106202201,503,3000.0
339,2022-04-08,95374073.47625302312461193352676803,286122.2204287590693738358005803048,408006633.9211772936076565984289905,481,3000.0
340,2022-04-09,38316030.67118854082874451695253483,114948.0920135656224862335508576044,420935753.92232958128098173301446,288,3000.0
341,2022-04-10,44786602.58034259761153841229920544,134359.8077410277928346152368976162,412782497.5141751795798111310480037,442,3000.0
342,2022-04-11,119796664.9054026880555222775412829,359389.9947162080641665668326238481,393322949.8956671843930633331587403,699,3000.0
343,2022-04-12,83234473.09579046901224051870528648,249703.4192873714070367215561158597,402943520.8680690159072709479793556,569,3000.0
344,2022-04-13,79608325.32706697870276808040542747,238824.9759812009361083042412162821,410308556.1232373185368562079856288,461,3000.0
345,2022-04-14,46845984.34419400869480169790775915,140537.9530325820260844050937232777,402246450.2905768556720434196630748,351,3000.0
346,2022-04-15,38378838.38266532159711617973820065,115136.515147995964791348539214602,405396625.9383936226462113518102093,262,3000.0
347,2022-04-16,21838605.45681525888664904011720269,65515.81637044577665994712035160812,406012896.7031584594271262804632396,266,3000.0
348,2022-04-17,82810873.21769738568505885509322009,248432.6196530921570551765652796602,400812060.8435964690167158437264752,450,3000.0
349,2022-04-18,57909326.36448519180087661556876491,173727.9790934555754026298467062951,403835865.2566374866680596613534417,522,3000.0
350,2022-04-19,42493474.76078375613716677662666933,127480.4242823512684115003298800081,406783325.280732040626954137663579,310,3000.0
351,2022-04-20,61204381.683637822106019868731922,183613.1450509134663180596061957656,405116448.0229444555392458433219386,374,3000.0
352,2022-04-21,82800373.86422073897598621817513965,248401.1215926622169279586545254188,398085964.8351267795412909634306219,475,3000.0
353,2022-04-22,56139758.19204355709837826713601599,168419.2745761306712951348014080472,396214485.3535032418899081070833419,445,3000.0
354,2022-04-23,18161824.92472786372747611138919717,54485.47477418359118242833416759157,395931933.8008968050097976427407214,322,3000.0
355,2022-04-24,22118485.15903969359672761749163909,66355.45547711908079018285247491713,395628265.6128858028860454819938974,327,3000.0
356,2022-04-25,73065169.41264400554748029979819571,219195.5082379320166424408993945876,403236778.7271278687725455146858207,514,3000.0
357,2022-04-26,71535009.71175983421461243878864128,214605.0291352795026438373163659236,390231069.1728057310064462538237847,565,3000.0
358,2022-04-27,54855101.90916215250558008413900971,164565.3057274864575167402524170291,415577601.7982706764222564595930309,437,3000.0
359,2022-04-28,58302959.64117195851659556143249423,174908.8789235158755497866842974823,388755554.8037982530890586090076121,484,3000.0
360,2022-04-29,43973575.80947444045349325008719901,131920.7274284233213604797502615974,384705459.1039645737730873447988439,472,3000.0
361,2022-04-30,45643444.34521984900493429719257648,136930.3330356595470148028915777295,387088753.7453423987708456099571907,474,3000.0
362,2022-05-01,42433820.9062810641658668224830536,127301.4627188431924976004674491609,396092845.1570735759478229508484319,340,3000.0
363,2022-05-02,48844208.29692082683368576041914491,146532.6248907624805010572812574351,399679290.3840825084988960556330263,348,3000.0
364,2022-05-03,28157468.9873618967938548912520482,84472.40696208569038156467375614468,392868918.1605637616033088038759393,306,3000.0
365,2022-05-04,1160395.154963248723291230661013845,3481.185464889746169873691983041534,393254079.167607182514710676924289,19,3000.0
