date,feesUSD,tvlUSD,volumeUSD,txCount
2021-05-04,0,0,0,54
2021-05-05,58451.08847582384028074319246363399,137393087.8391719539564165911351197,16937182.15483943561610092783061984,4678
2021-05-06,640440.860829201016741935573565007,370737139.9413625345424431293663287,209792599.3253492988125528621961144,30385
2021-05-07,1082469.488636152721088084152979118,501602157.9472991320975753649259011,351587666.8545552239530810497216145,66006
2021-05-08,2895458.269986012605882409050021867,565496000.3094105849754249010640287,611251973.1162351968001843931643426,121888
2021-05-09,1870221.117281169807544918714659188,616952743.7559991805562736329347094,464396482.5397502458825890709570923,167008
2021-05-10,3004460.173054299375318264504056345,575723934.5448282719993192182000936,788345423.204635007198444829644841,203899
2021-05-11,2393414.614548940379422216465863747,741137534.2628867857447428948383976,628815232.574035732715805849685326,233636
2021-05-12,4351016.811893894740627738973767915,816232284.1905186827003338452172349,1185948395.17348507040827346169736,262441
2021-05-13,4912513.417053592431397196621397168,934242799.6768714460126289461051891,1535201935.176621961302233854765771,292916
2021-05-14,2616856.632555444424338959645646043,991720117.4902359699841123545392241,820163744.3798683080224424313966848,319332
2021-05-15,2789161.664042543365196165143584861,979236106.142920511505296984502253,834932523.0214449530482783059911849,348644
2021-05-16,3644630.043764301450037856462309718,996794267.5442643283797326663705874,1142729897.745995081255188264011002,380905
2021-05-17,4107956.857688956429460823554841035,1024307976.777543458734156128556351,1435847105.600000806172275799658695,413310
2021-05-18,3198768.623829146470742895999253663,1119338013.995550201533745036956883,1208124293.662246530106080284992562,444724
2021-05-19,7152404.950824860823294529938301265,889946495.1808994474459185785117775,2620631938.828709997878876976452438,478399
2021-05-20,5073564.701839484105789742898645827,1087109781.244185869260362241584893,1762314761.101055507927578500215637,510320
2021-05-21,4585562.356188172828433544283748057,989895502.1901211281446775997512806,1597275168.21500882846522891911463,540725
2021-05-22,3235374.937036816215847619796464367,1004276310.327370739142236036557409,1213856356.890183195847640375573184,569415
2021-05-23,5142799.828437502398877849633216853,950813175.29575069588531160084049,1897141145.441336831699691288804272,601909
2021-05-24,4618386.13065457239576209749657865,1282841678.111186931231953488966334,1693797125.138548621055985372522621,636429
2021-05-25,4219853.691834494586303123885136661,1465561332.187755407980552429960709,1545955864.84971587826756208360308,671494
2021-05-26,4195719.666641836587195585994793608,1606677749.67405397590516779352838,1462069089.620289067404243510690972,709199
2021-05-27,3061528.349400200442964666516177571,1587657885.757981296365128209551874,1172721265.878060738216024722686347,741885
2021-05-28,3807300.532516250508927969266075532,1563896255.852865650981275575178784,1425241765.05336932653482219387678,774011
2021-05-29,3709488.611787864657802581944946122,1545421594.342913758487534751470392,1349284812.167744440842343029809982,804076
2021-05-30,2990706.371548179021717627905069704,1637808296.132797764298627533692134,1164099707.918967877644954313687204,834349
2021-05-31,2875612.738757446322969444767009377,1809197597.734490834496409997265101,1086628151.448513695872446312431973,865774
2021-06-01,2444767.866056813301455357746056371,1807516967.001795522030221565158362,943454995.8474419509015058734829412,895170
2021-06-02,1964883.212624707855278531178045007,1842842475.370060266763435428090592,749073133.2484514637287470137793658,927412
2021-06-03,2101881.191391781609477449374326242,1923061757.628842065070964659023608,866172290.4273290117534210804741581,963689
2021-06-04,3121179.111917642775942993984974541,1861892178.577044590874033243244837,1122238132.993615055327523743502464,1000629
2021-06-05,2096632.441060183909339698310088161,1819259746.713085444399046155433624,798005345.9767245823434680362349639,1035284
2021-06-06,1265770.461449619364521621577572434,1872774246.300929404460312650688167,478092901.4179028988981100273541103,1066549
2021-06-07,2198514.073056008059502488495566706,1720995908.047281237266110634932238,879634336.47018526316746080237431,1107095
2021-06-08,3345510.257962422438920369263465791,1760032043.715365921488606548625865,1348066135.242692471085975564721687,1155710
2021-06-09,3027442.986086904734210459340006725,1825880807.289188043002050240062656,1222463482.541457236179850623854212,1197779
2021-06-10,2192716.488646191748773951229666465,1787650380.667006125328427532021072,879616104.5110492083637899712100701,1241818
2021-06-11,2108189.357873759796742507634611358,1704982799.307389427373893788632227,846571768.2678060236059918312495313,1287991
2021-06-12,1732096.723373698063736768540729023,1670697139.029884563009773907817752,783476587.600851692635565846364215,1333627
2021-06-13,1773489.099960360420339644981306504,1796127198.580225485597679058418583,809576745.8563163980441148006508183,1375008
2021-06-14,1769339.237226087306008181743909473,1823108544.347105752209465887652392,823253440.360617251807682570849019,1418130
2021-06-15,1750056.18895714901421458836865466,1825445049.447071377340143716441506,817964952.9804673844828870868017623,1465675
2021-06-16,1648386.531848397642823381773221432,1750226668.508246938105038883998066,758842386.5197484640717833045330314,1514123
2021-06-17,1416031.598436016497290623102316799,1744966736.301018949319433906902751,713235923.9448756774551999869783013,1559674
2021-06-18,1734451.308418815005002509449153087,1695560490.214724974876389068546788,896280914.4742075096178848676003288,1606659
2021-06-19,1260644.222067548261374847958891556,1677689544.010448677096851471054643,652931012.7929739612978630043703676,1647104
2021-06-20,1745798.183755070523454923076178776,1721514399.991508657433250692256366,877740149.3487825959194076794286616,1692637
2021-06-21,3405595.273358003149053155976934217,1484200602.580446820036609255723901,1643525845.111597293615951798144749,1747436
2021-06-22,2938818.624844587545559317795274554,1495147229.372423104280176762738574,1357065680.457716023500633941933422,1800628
2021-06-23,1874710.1309746658855356757307155,1574087895.786320239117908162844868,940093150.3373804206467295070978826,1848796
2021-06-24,1378092.725717038494108320932509077,1538356671.157259871130691464355331,763487843.4614282322324523567125195,1892620
2021-06-25,1872986.691377380701485688185883623,1471766843.591231789605413592787264,922375556.0349400907795077337841242,1942105
2021-06-26,1580040.875193897448949036500318022,1446109834.992071422746776588680407,865726815.6055807653313763388936081,1992339
2021-06-27,1569500.448251228851634609483380205,1554608023.942605521577712062026051,823527056.6783988367423207019879883,2039894
2021-06-28,1972742.321649743605050937278178246,1594745358.178898586161084862897471,1054153704.167335666605253423592606,2091691
2021-06-29,1661557.984430745408439192256087396,1674296047.53359658085740976648806,913362896.0277951772829068593814091,2141799
2021-06-30,1798757.897925839783636243431808425,1708111357.259484929559361901660699,1010505942.155505201863690648095912,2188523
2021-07-01,1495697.544215594329219536156939559,1666932708.930375247321346767655826,924741998.9719634528912706734640174,2233872
2021-07-02,1185345.558004097190721644948239019,1706779908.292130474598538091540725,690560819.9981802624110682251000689,2281932
2021-07-03,1134706.704879848058380453172254769,1728196359.335756556609983110960706,612187862.1637813537348848647493887,2333913
2021-07-04,1428005.491784682005134235027723597,1761037779.627931327950802330431483,703515349.3279131655208261654379559,2396225
2021-07-05,1546738.940951463182209869988692441,1710014357.319375886905318871953551,849551649.651407217386961742380877,2449311
2021-07-06,2056013.26082190387564267673637732,1767505630.051596109405872089210315,1063693253.394136575805221871457952,2493768
2021-07-07,1423231.870521084632441501191820793,1747250187.029351920450972550297913,766487322.3844619353370844967016416,2536063
2021-07-08,1721688.791465808402477186175872843,1672613687.845761234097658130470388,968820031.0728900576481703114591688,2580618
2021-07-09,1358956.359808972227449710391881555,1698857423.443438422022716795753217,798924664.3725307807516098396847616,2627194
2021-07-10,1450347.32904035759442859879991033,1691500559.85751410973681358033077,759047181.188029314359373749647092,2677644
2021-07-11,945313.4066218460120716999696127476,1708502619.759652695743315047545972,447451391.2972790647997705035055468,2727787
2021-07-12,1152694.854904073394630732162655144,1665942501.735089909784008623473456,622820858.8745153664246767618330199,2771458
2021-07-13,1919238.237916913020142120937361529,1629049533.830132412039991154970844,881274866.0090592659763218479274782,2834618
2021-07-14,2316401.221292112942034956758372574,1629480672.758650946593557391501868,987428048.1491190387140028536975279,2899302
2021-07-15,1952152.442953882793949310634788653,1600395955.292987395874511216701417,969232631.2013742570219482237069905,2958995
2021-07-16,1559541.496178786600899430361501675,1615480003.932892532039967122163934,734441035.5532194282656842769507417,3011540
2021-07-17,1385031.775506164986407109718384653,1638608331.22247747360986822768827,636921813.7667850811743256797718732,3064945
2021-07-18,1389738.013624045246245422217446089,1643137264.377763604328733100267654,652400447.592241158248121666049935,3117404
2021-07-19,1156059.512172251443215679269289462,1595901219.466446950340850828732798,635029274.5382220760037695251841166,3165434
2021-07-20,1479642.733381921855174932151256093,1564039792.949434126438057466347763,845536136.21977563657472315294943,3218873
2021-07-21,1857692.296324841173754020301125981,1687535976.951018984148746857435301,1127174816.290316300707356369352256,3269570
2021-07-22,1450374.758158413069398735525924403,1732731443.058675923557338046720404,915603973.5899873017481597614544783,3313902
2021-07-23,1307863.724844787602828810542319877,1805191986.30611358463524977858776,747662479.5422829893773252542971424,3363555
2021-07-24,1260441.447363980262558701858986402,1763845106.915799432266470046037769,715038866.3852050254372037653638282,3414508
2021-07-25,994159.6329138105338547079271855656,1772074306.81363817753035015126302,623545004.662714058560532477576042,3458826
2021-07-26,3084009.453943580620079203253864923,1817246997.109542302683283202021587,1953222068.98336095248361329040587,3519398
2021-07-27,1920965.34852899281342533197494391,1854889319.557642970301129852479541,1276923887.503029471824526838712898,3566661
2021-07-28,1999398.660144740894928891938068097,1897291447.247549897778094728394812,1226191983.063871881793015427144997,3613458
2021-07-29,1489241.51570051178810669670780743,1944165400.825279949477904918909655,777612090.7470958478501238033742414,3662382
2021-07-30,1791243.549464928031723604939686414,1984159089.396144935395082152955162,1064389728.092196957668964140574324,3710631
2021-07-31,1323083.127675171390894653604729569,1988772254.62272296927358722744768,737560577.5320761572718932576027278,3758185
2021-08-01,1832437.991877773721823477522398111,1963474508.745944363979586763354334,1060017269.59884910334589148901,3809575
2021-08-02,1782533.275500762698968052284122022,2089837086.819652804555125268723345,1084713586.747025600976027772136973,3854630
2021-08-03,2090683.982671042024606406915693784,2047221188.54691993469220443694952,1339617281.433678223407919201963944,3900120
2021-08-04,2334079.626657239537719186293021919,2161609360.24905796023821917252396,1522565099.918623355972310924876707,3948227
2021-08-05,2707160.493366323170473285831070138,2167029571.405884907218540443744698,1672804767.740326232792024985948402,3992764
2021-08-06,2208947.575018471495537333024771935,2285512924.046702995313994448872879,1352187905.335184411932533701417576,4037155
2021-08-07,3168748.205585386740339354049731753,2396832402.757417901583350633143854,1799607570.370152635694487179533354,4086126
2021-08-08,2531215.792965628260689921697556497,2368448289.893080688751355732745195,1540454447.547314051136816761145374,4132770
2021-08-09,3623955.93204461037810312589573397,2322327257.925914373021086028584096,2153316158.406231242479979475614189,4180260
2021-08-10,2351020.200189500769262998268411723,2321948342.669566862933770748611626,1416214344.428885751814644230191917,4219973
2021-08-11,2241105.505653445902146561267623299,2365094775.996061227249249598586696,1198606100.887490450099444312200805,4261370
2021-08-12,2496447.487676405879357607026824169,2332683229.397194019773406793464353,1469815976.70284231241329335443893,4302504
2021-08-13,1887500.790368521110642075996771874,2453012046.274338640756298589922375,1059076704.129065582276110446977008,4339511
2021-08-14,1607098.488255433931176181295904258,2566870281.813042667846219632138304,801451005.1675251669074142579664553,4377834
2021-08-15,1854497.026575074371656479081397072,2601822137.499999440699627697667634,1072489835.282876655766500872477409,4413389
2021-08-16,2151420.69846976680003382737093148,2537327846.451189012128687237173228,1279179213.047249583522577026623013,4452584
2021-08-17,3056121.834540592073384041505753113,2483283250.813795560343228605061109,1902576658.267022954297219138641923,4499378
2021-08-18,2956640.563897571531699270602196423,2504878084.901261002188553757976812,1645149260.997896165196895582583683,4550782
2021-08-19,2169526.694474620914844905525380527,2639723072.324648330183171054481624,1269223156.985786549161323796732915,4597700
2021-08-20,2047581.996384466358970819299592579,2800909989.624516762271769120625462,1199528398.899775521839064339516574,4644944
2021-08-21,1626437.311521599606316104591447873,2834790033.649683903422127595845799,895169750.8810850645196041487918172,4688711
2021-08-22,2638192.354575955637116479186845641,2885788143.840259820442852600681076,1016103571.813217240123770460502899,4738819
2021-08-23,2314485.886813076837192969718034022,2921482699.05757568131165770801848,1243729911.940942385503588999058018,4783309
2021-08-24,2455974.983287688133106872664778237,2845914713.900379922783561373784595,1487850232.891856990884348768918824,4823442
2021-08-25,2414079.27733166381660646739685682,2903593227.683632672496328809051727,1261043362.960433733389252179437732,4863967
2021-08-26,2135326.933829958000864199024049649,2785762972.931844099992294098397055,1214691778.744844407684634139588061,4900207
2021-08-27,1735350.633457106104083256660603213,2891912282.201239428636151397641708,1040992896.615121289855963493155972,4929053
2021-08-28,1134598.528515952183967022312426972,2882863317.426915513307779038841145,589170827.3542010084264881702343929,4957107
2021-08-29,1881880.311675493632573018063863264,2920316202.697274505769684582775164,980680095.3035457032950509627891745,4991020
2021-08-30,2345942.60519774438135266033017875,2896346734.665989890903302863455766,1280117228.950115227106630032147356,5024437
2021-08-31,2914120.313660882481851716453492064,2992527456.235712514285673006759607,1638326253.656685107974193368041895,5057851
2021-09-01,2934232.275369647854966451443571795,2968184420.329632641408489499208677,1760454205.284133717666743178715371,5090163
2021-09-02,2985827.424657409496694272832479316,2917530444.279501606788064894507185,1420976943.829024719717959319518199,5125685
2021-09-03,5116023.48751042720751778291932883,2918565517.783721852527604336877694,1632626566.191969280125670936442527,5165529
2021-09-04,3486153.910185052683708196962240985,2936862501.019205318552401549152125,1177458837.67858025721691805093459,5199400
2021-09-05,3249021.103592431326545257150673604,2972714168.280165374178754891771467,1152404343.299417749722832799095144,5235472
2021-09-06,3630218.523620456121578541779746669,2944095555.413996454859160880950074,1240586106.424950319457236257973493,5272641
2021-09-07,5714948.53265975565214580020380169,2493704800.665514054435804060681047,2523769310.307767746605326624968379,5315223
2021-09-08,4757959.690483976710985606018864875,2519192649.739325817868584235787903,2091653235.921318606969414377869822,5357624
2021-09-09,3141472.641798376473848649679924738,2536719439.317755702974187492435417,1377980968.925689627220471886509999,5392255
2021-09-10,3067228.821189765351109162377825008,2416226395.892280401093223339852231,1438115325.614045065225162036658694,5432154
2021-09-11,1935719.722459941938847777688292929,2451439539.975980271011542102306581,958291591.021639910620905115073201,5469658
2021-09-12,1728348.534629188207324613981365515,2510604947.600170782479348544038264,882429682.0316439867054545736177938,5502388
2021-09-13,2462535.412603813176705248985295915,2448874843.806232794384243888519603,1287125512.641291888265733895618371,5540557
2021-09-14,1808744.789044275854579423146789648,2539255788.114048114075122397318592,861101954.7234758039096397324581802,5575523
2021-09-15,2095776.839375532619535859197381063,2621584157.552641653947808379492574,895084108.1292339759746530220087274,5609988
2021-09-16,2766395.957215987266028224723226553,2632677435.06612411767911116754672,1238048641.782259278827659649103753,5650182
2021-09-17,2234401.810331900266247836443206302,2614211715.973889117270658189660516,1061441186.431882881989895469454455,5685102
2021-09-18,1515025.672122028445133601316077936,2643350218.444722721165299508978097,753440297.2665044401794865927994608,5719684
2021-09-19,1469657.400454139622001024085782835,2658472513.01435326449050191578519,773027835.6371345247946917597038073,5752707
2021-09-20,3962873.727950058901475673192271835,2435259908.499918434072078290668729,2215707639.306061980164094809919175,5798745
2021-09-21,3595705.8193835245149534172927145,2344627238.454454121969857701707508,2110685675.909720770627150455079582,5839009
2021-09-22,2302896.88442097285114932371472592,2551069118.703469918757184130859537,1401511425.777317707910330411236663,5878478
2021-09-23,1844185.802470804196769219108546921,2612192246.536259300243425251702105,1063136041.16742260688059571993968,5913989
2021-09-24,2777092.20157516778491852247120598,2517142497.713571576575359985155394,1530095942.369395271972104100052661,5953081
2021-09-25,1787844.548094975286119916823612809,2544375529.655348081130964794479019,1129382608.582172671336620231358285,5987676
2021-09-26,2787627.193824442673717158062897612,2606528903.157629523958469925046595,1538097281.765900036620733460396004,6024032
2021-09-27,2142930.168355756437185834607866421,2569522399.198025314218380322627158,1222740739.352815929331850142775582,6055894
2021-09-28,2159252.403793191247330831949612778,2490888814.307928486521012964927502,1157990175.52628565392102348549476,6086731
2021-09-29,1772892.313090033773986275306148366,2525604398.285181994518342512108715,974421942.2531953852314123193593539,6118937
2021-09-30,1877843.372674607370526311726088547,2607891111.378117330657040702786575,1195995155.641895959715356735731303,6149255
2021-10-01,2223443.541123405124731033588018522,2763329698.663362759287625044684484,1325668411.307641649094011107622185,6184687
2021-10-02,1889407.137466005049890428400786143,2800389402.07205434862396825555529,946526520.2105148563877434264772613,6219001
2021-10-03,1863413.825456988397017158991534551,2813218612.885318075376325161462994,955672124.8287847547506782202898418,6254001
2021-10-04,2442115.518177710115039378392124807,2791932341.902348658944718384378857,1218958320.433167510662136089979838,6286949
2021-10-05,2412471.538772978754818468532379118,2871230944.310563083250506507680062,1026660030.954908083790603029713334,6320275
2021-10-06,2824872.089395504721594780555104756,2901912638.039834577268699742471484,1497752701.094944536193922760323776,6354374
2021-10-07,3474512.740943765406193240943047295,2905252119.717250744804866782459114,1338465952.03715844312944236223917,6391951
2021-10-08,2797325.527835018880423515152442472,2952821936.347609909917192032828432,1105890644.533961213738867076394831,6424046
2021-10-09,2111954.951418565386931829998193219,2959327240.268587488355661544098644,740609774.4418820602378147498360407,6458161
2021-10-10,2275524.011813583512217034871965077,2889276795.441876660401259917403306,1117405381.164877654083963418262339,6493205
2021-10-11,3247160.768179770103570749507398321,2933244450.823792603549757858653657,1481091965.202900363041011318621029,6535403
2021-10-12,2712552.955615917555031512742837989,2912913830.473298313634328966588934,1492403552.174978079710130790201483,6576802
2021-10-13,2436698.686260953902259573608592656,2968865605.598989129608118267112191,1297703607.156375280724029901817102,6614307
2021-10-14,2559253.457106191696620867229043458,3034520062.325809612878182641355525,1345938762.686595218271337953983336,6648710
2021-10-15,3647114.64805157439803221745105851,3130322112.758637169199374962196941,1887808809.965753199771438996799641,6688863
2021-10-16,2305561.44394329540585496732060101,3134902918.555211673551676451890194,1348592165.628679486670756494483998,6723731
2021-10-17,2359507.667809501918897130209085999,3213752192.513356721419126799170276,1188092243.499597250197688135987289,6759647
2021-10-18,2517346.700539476228931328335765169,3186024301.878002986686394157808545,1391542227.8557495298782320767601,6796073
2021-10-19,2369690.782342332937332671649705988,3288743770.67169052709219374124402,1470894732.329549990769824808890522,6834524
2021-10-20,3000809.875132495259197302194670335,3458279883.556351606140962460126589,1642662941.241914139570358477162018,6877239
2021-10-21,4127239.987512213653463171396275343,3429478998.125667867145799768357069,2607839791.245731587878173437159857,6919844
2021-10-22,2920817.914768722033940355855961048,3368506493.566099546373810023148359,1718241726.279111817134214401042695,6956650
2021-10-23,2248941.440125166736225023572075447,3458293772.409474039275099812678119,1292078559.613555243077091007198999,6992734
2021-10-24,2395163.799611901598576624874457298,3443447735.22602127272050991782306,1209079558.075990527879486618094609,7029714
2021-10-25,2194318.182954051513357121773306474,3543817379.412662210377406426980559,1213817513.282023604649983999386553,7066769
2021-10-26,3353723.412844150877070133222821321,3467016574.827309327963411105289847,1785302660.836400914667025706624609,7106207
2021-10-27,5139312.143164852412640748082726627,3416568103.492177554011802369832017,2501445810.871915360652014228224651,7149490
2021-10-28,4626848.230555436162351997063912714,3557183989.491285515774348944789694,2247458561.86611403860052868216326,7190486
2021-10-29,3102235.600593184750821643093035341,3618222333.786843017978390155905804,1659133551.5508071006825196462875,7226710
2021-10-30,2634934.284383399065465259154722411,3613486215.0239901735200127716661,1206455863.46615501626759732061173,7265535
2021-10-31,2613194.930761467210972298108776582,3623348782.349269521965988565255205,1278068908.354761453862615658058053,7307877
2021-11-01,2498930.304286607312404188412122353,3654954035.483946510969317413534373,1333385119.184617241119291177245409,7345052
2021-11-02,3408324.549165818206246006541034292,3809415121.664828646829670442811836,1651353582.562827870731010652143622,7388447
2021-11-03,3633288.490640229236633241625766904,3841438101.605000348945553882921593,1729024423.391854357998863200574838,7434100
2021-11-04,3500019.005086474587409254907610128,3743089535.385215915703317256820105,1553661563.921681420951725365525321,7479393
2021-11-05,2556216.078707521550500963838482705,3742642952.497929843312313365036074,1155186843.745040682413085822777447,7519170
2021-11-06,2620349.788756518618157231322338914,3815999117.375168860798939327761131,1176935133.318189885437200053738269,7559550
2021-11-07,2591718.088117689263501538852174952,3939288593.769206889617834720339533,1088532554.697220109714817451039432,7602916
2021-11-08,3278545.321213053939236615596228994,4064323912.902701427788051013736158,1672402780.529270240865169204910312,7646285
2021-11-09,5203706.365676251789506668740152341,4040147770.834793674809368438266291,1749877746.925757401610267484828035,7704209
2021-11-10,6219522.120926413190593266686178559,4010961069.955054482308933177654069,3150260765.408616672593540567568541,7757899
2021-11-11,3796446.666818825530711609498392632,4088390771.039356353258762604371558,1868944836.799808399189202251792592,7799595
2021-11-12,3807024.647852585225129105798998955,4078501192.388717330902858512132654,2161727965.706404303490459652604371,7838294
2021-11-13,2240214.811019555107456282617483662,4086231335.779261845586733306203892,1136818064.423594906730593241343813,7874844
2021-11-14,2168655.629626610054242556296035324,4097214589.782933174072362615624861,1297631617.244204192563188836949583,7909734
2021-11-15,3734722.758783747182829808872493938,4061291780.76634758246761739368412,1690920447.042613965117829710722484,7951504
2021-11-16,4716808.492201183198118260259108287,3894202902.605078450048236385425032,3004153138.936074903156753612607375,7996769
2021-11-17,3321727.154102891810314743759610733,4064215748.604655210705495533661582,2207599373.319843242642952461312755,8039371
2021-11-18,4146395.052025734321996153424633599,3871459676.400404904300505249088209,2805508416.858585043149208527071379,8088139
2021-11-19,3301571.331041933646884276723171237,4138681589.957725389837930165649652,2022192860.336223443170084343056534,8133678
2021-11-20,3284212.65538402977249170897464468,4246679817.951385220769126526244501,1541029298.364523241058403294433734,8182192
2021-11-21,3221697.275948757634620340165028065,4164246065.496851031807688895044601,1587762304.362027015471770995065251,8228380
2021-11-22,4042611.028257646953923115859016813,4074437488.687322382116511115472315,2577115919.573682175072861184570045,8274245
2021-11-23,3903391.868110571476813125315317296,4238672855.62056622041644195721623,2269169664.260982769868523583550647,8317962
2021-11-24,4231618.747523181502626080026177807,4218180529.876056361358349888817867,2257599357.886606515165088803086793,8368988
2021-11-25,4753738.096813359724705231287397887,4376764127.758102029366016915634857,2119292244.557552094161931617058338,8426319
2021-11-26,6048957.980012371222614420264406283,3950207313.625053992700718446765708,3633589528.080928813938494238975534,8489577
2021-11-27,4496057.27119553286999122341275941,4079950894.291228235251787006879875,1720266530.880545517363244807143982,8546597
2021-11-28,4108589.607392562200595372234315513,4126223717.16122944852436047488325,2064856124.709228813736645918466015,8595453
2021-11-29,3737820.35539363245397109627652169,4298851444.855555307270041992946608,1998509349.133939583991602412278538,8639462
2021-11-30,5209206.111713261355227248084755364,4298883111.356393227126625000237585,3403880067.924535586537783637413388,8684970
2021-12-01,4767812.07628158639685033361841458,4331742853.595012338247247197899999,2536581538.222832024746288928585945,8725437
2021-12-02,4527394.663479665649043362767799875,4336601079.741802379722045485837304,2635058887.650327434670377325491402,8770834
2021-12-03,5104054.531632169368238830070404572,4275004966.645923055044476599851762,3297829959.708739053794088221262821,8818987
2021-12-04,7791025.753425162088311971265813271,4193117374.974822138657158938142232,4813778044.103200655159278257104634,8874452
2021-12-05,4314631.900665357842659709268555104,4169973191.590782377780320123615916,2949468751.565651192732295792766327,8918103
2021-12-06,5553029.516154563603814501691963608,4342253761.316350164743912824765937,3875172836.268606481483457587707615,8970727
2021-12-07,3539309.468114982002758618750163348,4340035224.388129316574274633400235,2117655931.288535689695396606340943,9016051
2021-12-08,3506153.14070817443900205292095268,4430831154.22878729851335133453297,2119627432.752022841628574830379148,9056743
2021-12-09,4468481.506206774337345755849443764,4256015314.567441511208998446623543,3067099251.284060493681931878618114,9102207
2021-12-10,4949490.745131606423641528307571482,4160652799.567767654816667842421154,3495365692.205558742337764574085306,9147277
2021-12-11,3857652.296018943077263333127922385,4307158330.371651368795168422614035,2296898777.060344076451058582877888,9193394
2021-12-12,2271243.927220820762793580592503767,4361755486.239485759057812545972536,1465916414.073130818567669154585694,9229268
2021-12-13,3966427.935057248642618623518473705,4094137913.905481485020237482240935,2636179751.069885785131785400394466,9272533
2021-12-14,2874533.677198411131727628347682696,4041079053.438686018652992584631621,2104642013.715907199399184418159219,9311651
2021-12-15,4340602.581200153050538925136818529,4176276073.83859506764163252587942,3359599238.350468469992348509695752,9351878
2021-12-16,3297076.87722917316312908641546276,4125436527.521464232488952957122324,2047812431.632809681670999492129994,9388036
2021-12-17,3707942.958494361110683934401864149,4090347845.497695655693557403989924,2727655524.139702485903415913909133,9423938
2021-12-18,2755568.234837924190129336688989668,4173790020.818651802446996302940442,1929503079.240963511188075112956103,9456363
2021-12-19,2643622.092868610973081362694829103,4189070882.103934580161835595702684,1720074075.710418053132690196101448,9488101
2021-12-20,3264972.546028871159788725212141127,4213794013.076186081927613692013669,2204446272.379195687685084325905925,9524006
2021-12-21,2617258.326351612460685734059037449,4290150008.533720962554153323204172,1644936910.914320905483487836281183,9558530
2021-12-22,2482899.039762321701368648628909361,4296261588.991524244481308244714355,1378965422.895301556333795741800146,9591298
2021-12-23,3477386.667902959027884739869901417,4372153516.441602763833944139992471,1772079133.739746661042220080409357,9629047
2021-12-24,2703232.695500037589384246256974335,4310510716.692015785797021991085596,1384602670.721514392673799655015196,9674650
2021-12-25,4954428.022213292528617196879140076,4370371767.53776886478460562148903,1479326047.900516322531521457762795,9759131
2021-12-26,2496900.626812798845646206743043767,4375935227.523830603583646438680793,1210475556.269569169600683343473273,9807049
2021-12-27,2449910.047342462119699359236829454,4364181770.223087692880947992552407,1149372408.647411708267882201094348,9847212
2021-12-28,3840104.600484639920725271018024541,4217886595.996185910744684189993872,2206627771.638275896190930604300455,9890762
2021-12-29,3300969.335914269048689256488470436,4029123806.489575209273684474148727,1473645688.578531844174289675291777,9945275
2021-12-30,2577160.941045615083909600906316515,4082440983.616714921781125087979062,1285208782.72258155422070605846421,9982504
2021-12-31,2684899.160386218162225886882587175,4068288413.176084024879947104159302,1352841299.499831736651690979230593,10022527
2022-01-01,2058516.746480691023284063464980073,4160212360.83334388204841571964968,1041312925.912639423488349264907153,10055859
2022-01-02,2110515.922948542073970739986136023,4259029952.3477498207859939739179,1039196096.374383003528544206124792,10091621
2022-01-03,2619230.090402914445431581454801301,4234541485.885006951514711120085672,1241909020.040774158402262105763692,10129459
2022-01-04,2805284.817671987229208686906350654,4247541500.422535391816232928590895,1575335765.935767301132654719637462,10162777
2022-01-05,4140383.630023988686036757790000375,4046003289.58857242964137744069708,2132895794.005273175976903720600011,10202791
2022-01-06,3709286.150093946452997663751628269,4003256996.174157417037569233948548,1912664666.832691960939446822200277,10241451
2022-01-07,4182450.752446505378742470731233325,3777366389.396382251782105509990123,2382263038.645324685476850454957578,10281525
2022-01-08,2890256.008277649503377231885204324,3775349676.504937453082460604161334,1974941042.065667505071994143244489,10315134
2022-01-09,1934654.916649354516075247050215757,3829090933.248489306351897453419357,1153942414.74237173566232896171168,10339287
2022-01-10,5192403.911361256954952925350579976,3801652450.652187361043207329030283,2454543324.153799677340122380753799,10390510
2022-01-11,3507646.561344338653629812263483384,3978346454.866643869214740592883719,1618147186.535906430729993889538637,10428679
2022-01-12,3650104.055907697801634253245389391,3936812725.344119665637800873304889,1605841600.349496227761361525618785,10466896
2022-01-13,3234166.568357725974862521025531136,3861828539.245943643248943649611033,1872114014.980683465789030340158736,10500266
2022-01-14,2544231.074685788197653089088488344,3939195865.959977870720630218212071,1404676979.905772393862509903449676,10527783
2022-01-15,1822379.280090357092549863225352641,3977318602.564122678970566121257441,1017419001.506923312005656680017295,10554336
2022-01-16,2269563.876351437460161762405886305,4028963602.058744654881708841970635,1075797258.282927661433273881401896,10582290
2022-01-17,3051937.288219090928479368233481886,3922163426.00651989715546307572606,1616408026.349576498705733316326252,10619352
2022-01-18,2868825.432026190709996723405025051,4072421634.270075088368432790676725,1720821353.961274153530311778538742,10653879
2022-01-19,2821053.654135672196027887320393649,4014396678.047719624878530760850217,1734659355.137904346120014129001104,10690094
2022-01-20,3247446.072331925416127984181338787,3952694588.466804436790852601482599,1982948082.974969387679699408896781,10733291
2022-01-21,6363289.096973946187754593943972369,3458159455.629592808199640062785556,4540175969.734897754724452866761068,10788341
2022-01-22,4498978.056307051981181831320145715,3314606574.043852395128549417558451,3056199732.626110344866794519925827,10841433
2022-01-23,2456266.689641707291782688283130276,3428689995.024518157738527146005865,2384480971.83757174151568630655437,10874635
2022-01-24,3949867.88161860332245816465217153,3354670627.172346703649951659290993,3345839125.604227216781417823988312,10920133
2022-01-25,2428112.53712773703166414411680882,3453684317.560031527255086007602508,1716779539.898418837418254903073251,10957167
2022-01-26,3341184.70265318617961923474926701,3429910952.392132734338736813883597,2722756160.113021597769168313917873,10995471
2022-01-27,2642341.329554855040649287065180515,3475344391.174586853950649942130756,2145385912.653803171455907097567406,11029429
2022-01-28,2293993.679302316850685449253556372,3676090895.507592989497212112127257,2267076734.576981215366112076429859,11057621
2022-01-29,1615052.20552561886745297768358552,3767590822.789445804417697201581805,1376677071.142084324429495859276511,11084198
2022-01-30,1469610.686858771221416344613459166,3755260905.354088815430845493426458,1105902496.78723277064942263659954,11108841
2022-01-31,1818060.522105688528413647142255266,3840023237.052655330986188221023977,1456883426.941748653794843460983694,11135708
2022-02-01,2099869.237478179420784575733243851,3962877320.312026171867200515278808,1658342721.170688224399819994259453,11160601
2022-02-02,2114756.72937759326883857768038044,3905912040.359658713648129265074312,1560942031.107003910605207908254152,11187701
2022-02-03,1941258.425513966581954456437237532,3961975011.211440334790637008577388,1454658612.376179441307516414538968,11215039
2022-02-04,2219363.185890820324479468276122916,4113944634.566337850281349329189731,1627956560.391600305934742138774793,11248263
2022-02-05,1919730.32946795033597817445088715,4307950659.097321657632341653280166,1472550666.918352612034701544316347,11278949
2022-02-06,1650491.128420024893347842991846028,4403965231.96191439783447796536612,1123909158.588543117429499789694577,11311242
2022-02-07,2393460.467915003603914502878485075,4471107080.5172301788487588241365,1569933853.384897510382188877294194,11345602
2022-02-08,2349547.126493939158694297423942361,4456414029.552844002449222934783555,1558741461.386748031881307035399298,11379019
2022-02-09,2204138.886626364524547120456995226,4568733996.300579759718488895785509,1421373324.639730152402197311133191,11412806
2022-02-10,2935972.11766680304438653710012349,4420247233.610511438250508241635358,2144225684.226777808572018407735092,11448795
2022-02-11,2824891.315801801265074438994319743,4307510133.601362674522233196462735,2191045635.526221578510184104412476,11484904
2022-02-12,1798172.863515469318892721613332109,4348768447.87149517617599806980895,1379593993.981616846326229272594048,11515071
2022-02-13,1322657.288603711130021149000411089,4422841791.864502521975099555802171,927782385.3016723531603430713164444,11543098
2022-02-14,1562619.821072188056784717883035892,4514004814.613878060466003567454772,1240667058.32593549255334223559743,11573331
2022-02-15,2012852.247383713326574612918572016,4787412868.717989318366083837881219,1562626826.498485501029075631731757,11606075
2022-02-16,2001918.719968342010669544163489078,4824811795.63110833543540551007808,1520020994.118313478863706811501351,11635412
2022-02-17,2569653.274839937970255815864754054,4808426937.179502600409047705572415,1914462467.831003169830937717853979,11671045
2022-02-18,2131885.620437428739074549501600232,4713822187.808512727528245974311693,1548654367.736953379259606458332551,11703116
2022-02-19,1463350.703632806598743999880620467,4594733387.047913809656146777990205,943974060.9993977810597450540858471,11733842
2022-02-20,2169917.358238129775158117932677741,4388813934.399280966370092600441886,1614174519.31940080454154036722432,11771246
2022-02-21,2798631.358806762425230678156376374,4319334564.480260854416044817759615,2293320550.597686396084241514308102,11803520
2022-02-22,2272624.129164348286645603942716011,4386260879.340780201741128001090599,1727351685.313895144833113968735849,11837177
2022-02-23,1703868.24074478284987696718863371,4343266100.033065450447798077713028,1474401282.9433711610263916556934,11866626
2022-02-24,4095685.989217879972536705710720181,4291297520.149568334606710651390528,3479721779.847115227698059831997321,11921005
2022-02-25,2344714.592352979642522311226899381,4472049799.585898770015172882264939,2172996091.510084104085670732270889,11953007
2022-02-26,1413905.158898083639409224548796621,4480969361.079814644526202001476859,1224681398.734248202628537726873708,11981046
2022-02-27,2203341.259009671380063211302232981,4335648121.772269634259495409266105,1923751139.746150032529747824865319,12015252
2022-02-28,2263048.230595374587057440864839892,4613951778.489527842019712364683333,2027416633.050200048440160529984425,12046827
2022-03-01,2616265.235456243169255853060730412,4794542243.871454612132293382238745,2020326690.3771021029188921593381,12086073
2022-03-02,2454973.531205050737307217228927746,4788840539.597413338682806869268254,2042032103.017040332708437549897501,12120593
2022-03-03,1544370.713270785589956738825659715,4713759965.792378085219912302008832,1334804331.972397721478141551687004,12151879
2022-03-04,2065356.952291540137177884795757586,4497644421.025682471201352891392564,1885043135.1906282501515203994642,12186969
2022-03-05,1019361.919918500865559277219951721,4561360770.416729170543188120494694,844477811.086837966407913126590147,12215458
2022-03-06,1299663.838841643405358385761909509,4430772753.317940429918296188590332,1031135059.608781547055341986030795,12245201
2022-03-07,1963241.447351427056995580936988822,254144111754.4462934519728980119344,1577833205.948247920351337299629869,12283449
2022-03-08,1831873.088196523539080248201054529,17401866272.60564160279003184972811,1622475026.821133238534760822495003,12316397
2022-03-09,1817630.495841272691536372847315572,18297567833.80501628170510912437224,1453709635.20750516116141603949995,12354363
2022-03-10,1684424.007005705405724343234557024,17645689477.42870528413511130759582,1356923846.973438456863543784776634,12390356
2022-03-11,1636500.704365135568625479032372434,17376843854.59242425262938326260167,1342899968.343970298433232536529296,12426853
2022-03-12,828318.1855687854554680436764709935,17415068476.02029162189105908596497,693594343.3742010032509149467799583,12456520
2022-03-13,1188201.916919970135039932895108256,17069181701.70550506296576465060612,992132056.1553178626920947810759088,12489636
2022-03-14,1415185.288808190687762644225323361,17522939839.65366041854947378253043,1155151570.172774996711622117391956,12524254
2022-03-15,1500814.942072504804493187899330233,17724589800.34132667598472588859375,1180021735.205844175836044132495267,12561282
2022-03-16,2382028.088330200599001216508711213,18588783296.48524412078211870942701,1863137687.354152173948012088571546,12598761
2022-03-17,4815565.284375998574071820961892555,18859122732.44284788940795828556716,1602492054.586626459862338925267474,12649768
2022-03-18,5741110.074432595969829939857607474,19653349215.89380819180907405931835,2052900739.442807950851464449138226,12708901
2022-03-19,2281513.44403488834729436268898349,19721499691.08225598765206510143758,1236127741.172112174372353404956026,12753548
2022-03-20,1972004.088793481894916087289359994,19200364424.19695869004388363199063,1232874590.500768945666635382692059,12795292
2022-03-21,1930984.78755681423176784573260892,19368867822.76251249750766935855224,1285994435.575083519056181396301989,12833047
2022-03-22,2269487.623062789192893123927948178,19853612343.54514822611759539313902,1565321589.091368888348795435072662,12874634
2022-03-23,1976600.713426622549142792942723139,20176386702.30828873193339462788301,1323913098.390839266510485128943977,12913821
2022-03-24,2709343.407793671341202821298016727,20485599701.20151664539648035645408,1951156591.587761076037652103740289,12958302
2022-03-25,2429557.772366609773579377810865589,20422045816.92292003296116665713254,1713026947.336003982462562369110479,13001645
2022-03-26,1318981.990708123676775054137935928,20635541370.04449744387288320039356,841793960.4518511857180067614536505,13034237
2022-03-27,1899594.746580050212280191142973912,21567815853.1660991802167704784067,1152861799.473398200742374038014495,13072400
2022-03-28,3428567.894272351930533775663403254,21727883295.33278686202236868040422,1800648570.565683665215818648947028,13130087
2022-03-29,2901262.486038095664938334402921152,22150348051.80764217430507130026821,1784059090.621447902710557658308594,13178833
2022-03-30,2448110.908405662058886877171247681,22141755903.09300705699922201775183,1561232903.375597248844833106358086,13220562
2022-03-31,2442526.710442604359107000001156767,21484048830.46992925419533285976969,1619719752.431731977760323621529145,13262395
2022-04-01,2698055.866094391213978817872776617,22492418062.89148823088819453646588,1698744353.223603102138474041571625,13305761
2022-04-02,2456285.114036949440546759622940459,22470952079.569460321048380794763,1548746767.097978393444853615983895,13345921
2022-04-03,1846834.269497705853935866909479767,22951890494.54817758274053743336419,1161817279.77826755073221535785241,13380959
2022-04-04,2162440.504566291028054913081725617,22971165145.91643558295606201717684,1520702455.302547267665191722372379,13415482
2022-04-05,1959985.279465707863487689189082758,22331897706.43430544568579182907534,1464584802.163825223218283602196804,13446979
2022-04-06,3155524.875041899417832589995684864,20958835258.44177057317862497627488,2358618872.429668859829948673330186,13486835
2022-04-07,2037677.692306261116832742566903773,21362449289.37225992755411531855241,1531506874.205693844054849025157877,13519520
2022-04-08,2258229.947046578483042719344924041,20935957805.93164314802008423836533,1841952515.743440111355361620487184,13553264
2022-04-09,1200406.451097624976442172600113089,21472986726.875537187980592751578,931278951.0551846397173438862884467,13581553
2022-04-10,1245175.438575103394313719168930106,21156619335.80737350237692081264932,859037701.1855103816070228505585958,13610363
2022-04-11,3002258.20376702312548986486433707,19673890776.51626323803408886694727,2616047079.898144841707160740982578,13654031
2022-04-12,2136131.842611603084740249727112615,19985177011.19303811000850984549805,1960281428.519215145018571435021503,13688584
2022-04-13,2022250.976790286774027315823353637,20548227113.26834784177423290505879,1536037198.166735471190382920450697,13722690
2022-04-14,1746022.93241628487862798723906292,19972847504.6740861204980581136749,1324444369.363787977390170488921457,13756996
2022-04-15,1191836.115824117058765603114175538,20028479927.53492568198692381908852,944905458.5576272203456223298465243,13785140
2022-04-16,793509.8872464165587207289847208007,20218551477.18821999829884099629417,482194273.2643130605631824538254602,13810537
2022-04-17,1492061.715046953101933057094675179,19735940435.04138895385839346946891,1079340735.991975844220289071763299,13842575
2022-04-18,1795021.071713298397961324964283338,20175422663.58651280381889890719159,1357503803.058918989063016124180164,13878312
2022-04-19,1584030.098866599209245935748582265,20420053100.44153733772520836183361,1151959604.021084342700903218769506,13910841
2022-04-20,2417065.34418643884416112726002897,20362265828.63961620014334451390023,1529060911.778812935157773597868306,13947525
2022-04-21,2151052.697982405341006455242830713,19763616772.36667900562332595003838,1490218560.481914165562633047910282,13983165
2022-04-22,1590087.607406116127448194557584177,19599201148.6663403077103699956071,1125851587.033142472421568409580563,14013930
2022-04-23,1161080.884727100182320092673408298,19430514947.13269536463322316680119,644894525.8480668914609983065734587,14045653
2022-04-24,993828.6137777989608380676924984559,19403810030.42655328155948615072285,680606028.3834633914879593825119909,14073479
2022-04-25,2222385.284847040720883254500565877,19955593468.46298339285424337728618,1505332300.38159433401115348903104,14113606
2022-04-26,1997178.148839099353851459156279898,18701309740.27466117145798363550668,1451415499.46490261963018299232112,14150539
2022-04-27,1614743.911608231868097401883123707,19229812158.50129071891159871061079,1198360253.373600281902621349066112,14184193
2022-04-28,2797732.575726649902913682228066274,19504166050.06656572686649039781817,1730687007.580413879226742827989663,14227310
2022-04-29,3193902.789467608021868295709297241,18774416166.47503441429320450113401,1770071416.736590790939127543017512,14282012
2022-04-30,3367186.745553514795643418129495885,18230616521.70181208508710239609066,1962678497.664882733575370138247586,14342501
2022-05-01,2515131.889355764492390074761357767,18839917049.20276138818761707865543,1647269635.813993780920324019396337,14381273
2022-05-02,1929659.514734954408475003663674942,19041882972.48223449743051190010446,1505522550.55105818886366342414139,14410825
2022-05-03,1383807.753833882477253061206533143,18628551724.06983490859261352954121,1359116828.278068836694909780233133,14435215
